,date_jour,code_site,drop_after_tch_assign,techno
0,20230225,OCI0001,684,2G
1,20230225,OCI0002,196,2G
2,20230225,OCI0003,229,2G
3,20230225,OCI0004,406,2G
4,20230225,OCI0005,370,2G
5,20230225,OCI0006,309,2G
6,20230225,OCI0007,50,2G
7,20230225,OCI0008,92,2G
8,20230225,OCI0009,303,2G
9,20230225,OCI0010,177,2G
10,20230225,OCI0011,287,2G
11,20230225,OCI0012,157,2G
12,20230225,OCI0013,291,2G
13,20230225,OCI0014,154,2G
14,20230225,OCI0015,568,2G
15,20230225,OCI0016,887,2G
16,20230225,OCI0017,559,2G
17,20230225,OCI0018,469,2G
18,20230225,OCI0019,245,2G
19,20230225,OCI0020,218,2G
20,20230225,OCI0021,867,2G
21,20230225,OCI0022,319,2G
22,20230225,OCI0023,285,2G
23,20230225,OCI0024,144,2G
24,20230225,OCI0025,663,2G
25,20230225,OCI0026,2050,2G
26,20230225,OCI0027,0,2G
27,20230225,OCI0028,641,2G
28,20230225,OCI0029,611,2G
29,20230225,OCI0030,286,2G
30,20230225,OCI0031,756,2G
31,20230225,OCI0032,0,2G
32,20230225,OCI0033,225,2G
33,20230225,OCI0034,0,2G
34,20230225,OCI0035,189,2G
35,20230225,OCI0036,310,2G
36,20230225,OCI0037,244,2G
37,20230225,OCI0038,594,2G
38,20230225,OCI0039,361,2G
39,20230225,OCI0041,316,2G
40,20230225,OCI0042,277,2G
41,20230225,OCI0043,498,2G
42,20230225,OCI0044,426,2G
43,20230225,OCI0045,243,2G
44,20230225,OCI0046,329,2G
45,20230225,OCI0047,125,2G
46,20230225,OCI0048,87,2G
47,20230225,OCI0049,885,2G
48,20230225,OCI0050,1170,2G
49,20230225,OCI0051,355,2G
50,20230225,OCI0052,140,2G
51,20230225,OCI0053,283,2G
52,20230225,OCI0054,80,2G
53,20230225,OCI0055,244,2G
54,20230225,OCI0056,540,2G
55,20230225,OCI0057,697,2G
56,20230225,OCI0058,26,2G
57,20230225,OCI0059,1649,2G
58,20230225,OCI0060,442,2G
59,20230225,OCI0061,200,2G
60,20230225,OCI0062,222,2G
61,20230225,OCI0063,610,2G
62,20230225,OCI0064,271,2G
63,20230225,OCI0065,476,2G
64,20230225,OCI0066,95,2G
65,20230225,OCI0067,201,2G
66,20230225,OCI0068,404,2G
67,20230225,OCI0069,116,2G
68,20230225,OCI0070,341,2G
69,20230225,OCI0071,216,2G
70,20230225,OCI0072,90,2G
71,20230225,OCI0073,192,2G
72,20230225,OCI0074,300,2G
73,20230225,OCI0075,322,2G
74,20230225,OCI0076,583,2G
75,20230225,OCI0077,257,2G
76,20230225,OCI0078,693,2G
77,20230225,OCI0080,277,2G
78,20230225,OCI0081,262,2G
79,20230225,OCI0082,73,2G
80,20230225,OCI0083,217,2G
81,20230225,OCI0084,185,2G
82,20230225,OCI0085,90,2G
83,20230225,OCI0086,195,2G
84,20230225,OCI0087,295,2G
85,20230225,OCI0088,207,2G
86,20230225,OCI0089,173,2G
87,20230225,OCI0090,40,2G
88,20230225,OCI0091,887,2G
89,20230225,OCI0092,1252,2G
90,20230225,OCI0093,741,2G
91,20230225,OCI0094,370,2G
92,20230225,OCI0095,176,2G
93,20230225,OCI0096,156,2G
94,20230225,OCI0097,814,2G
95,20230225,OCI0098,357,2G
96,20230225,OCI0099,55,2G
97,20230225,OCI0100,195,2G
98,20230225,OCI0101,323,2G
99,20230225,OCI0102,215,2G
100,20230225,OCI0104,544,2G
101,20230225,OCI0105,530,2G
102,20230225,OCI0106,156,2G
103,20230225,OCI0107,51,2G
104,20230225,OCI0108,322,2G
105,20230225,OCI0109,110,2G
106,20230225,OCI0110,114,2G
107,20230225,OCI0111,39,2G
108,20230225,OCI0112,1714,2G
109,20230225,OCI0113,366,2G
110,20230225,OCI0114,166,2G
111,20230225,OCI0115,243,2G
112,20230225,OCI0116,2355,2G
113,20230225,OCI0117,305,2G
114,20230225,OCI0118,1210,2G
115,20230225,OCI0119,1010,2G
116,20230225,OCI0121,23,2G
117,20230225,OCI0122,946,2G
118,20230225,OCI0123,489,2G
119,20230225,OCI0124,49,2G
120,20230225,OCI0125,29,2G
121,20230225,OCI0127,796,2G
122,20230225,OCI0128,416,2G
123,20230225,OCI0129,694,2G
124,20230225,OCI0130,156,2G
125,20230225,OCI0132,119,2G
126,20230225,OCI0134,250,2G
127,20230225,OCI0135,403,2G
128,20230225,OCI0136,94,2G
129,20230225,OCI0137,247,2G
130,20230225,OCI0138,94,2G
131,20230225,OCI0139,687,2G
132,20230225,OCI0141,72,2G
133,20230225,OCI0142,603,2G
134,20230225,OCI0143,55,2G
135,20230225,OCI0144,227,2G
136,20230225,OCI0145,12,2G
137,20230225,OCI0146,226,2G
138,20230225,OCI0147,750,2G
139,20230225,OCI0148,203,2G
140,20230225,OCI0149,254,2G
141,20230225,OCI0150,650,2G
142,20230225,OCI0151,258,2G
143,20230225,OCI0152,662,2G
144,20230225,OCI0153,419,2G
145,20230225,OCI0154,122,2G
146,20230225,OCI0155,1016,2G
147,20230225,OCI0156,281,2G
148,20230225,OCI0157,72,2G
149,20230225,OCI0158,611,2G
150,20230225,OCI0159,2988,2G
151,20230225,OCI0160,313,2G
152,20230225,OCI0161,135,2G
153,20230225,OCI0162,328,2G
154,20230225,OCI0163,740,2G
155,20230225,OCI0164,324,2G
156,20230225,OCI0165,188,2G
157,20230225,OCI0166,135,2G
158,20230225,OCI0167,326,2G
159,20230225,OCI0168,399,2G
160,20230225,OCI0169,681,2G
161,20230225,OCI0172,530,2G
162,20230225,OCI0173,268,2G
163,20230225,OCI0174,515,2G
164,20230225,OCI0175,397,2G
165,20230225,OCI0176,239,2G
166,20230225,OCI0177,171,2G
167,20230225,OCI0178,228,2G
168,20230225,OCI0179,550,2G
169,20230225,OCI0180,498,2G
170,20230225,OCI0181,1091,2G
171,20230225,OCI0182,321,2G
172,20230225,OCI0183,187,2G
173,20230225,OCI0184,98,2G
174,20230225,OCI0185,1287,2G
175,20230225,OCI0186,819,2G
176,20230225,OCI0187,130,2G
177,20230225,OCI0188,131,2G
178,20230225,OCI0189,579,2G
179,20230225,OCI0190,287,2G
180,20230225,OCI0191,404,2G
181,20230225,OCI0192,423,2G
182,20230225,OCI0193,614,2G
183,20230225,OCI0194,612,2G
184,20230225,OCI0195,132,2G
185,20230225,OCI0196,184,2G
186,20230225,OCI0197,846,2G
187,20230225,OCI0198,260,2G
188,20230225,OCI0199,316,2G
189,20230225,OCI0200,61,2G
190,20230225,OCI0201,209,2G
191,20230225,OCI0202,87,2G
192,20230225,OCI0203,603,2G
193,20230225,OCI0204,419,2G
194,20230225,OCI0205,116,2G
195,20230225,OCI0206,635,2G
196,20230225,OCI0207,1002,2G
197,20230225,OCI0208,676,2G
198,20230225,OCI0209,1249,2G
199,20230225,OCI0210,459,2G
200,20230225,OCI0211,254,2G
201,20230225,OCI0212,348,2G
202,20230225,OCI0213,791,2G
203,20230225,OCI0214,293,2G
204,20230225,OCI0216,95,2G
205,20230225,OCI0219,2283,2G
206,20230225,OCI0220,410,2G
207,20230225,OCI0221,905,2G
208,20230225,OCI0222,488,2G
209,20230225,OCI0223,46,2G
210,20230225,OCI0224,283,2G
211,20230225,OCI0225,558,2G
212,20230225,OCI0226,89,2G
213,20230225,OCI0227,1829,2G
214,20230225,OCI0228,324,2G
215,20230225,OCI0229,225,2G
216,20230225,OCI0230,198,2G
217,20230225,OCI0231,161,2G
218,20230225,OCI0232,605,2G
219,20230225,OCI0233,963,2G
220,20230225,OCI0234,1352,2G
221,20230225,OCI0235,75,2G
222,20230225,OCI0236,363,2G
223,20230225,OCI0237,265,2G
224,20230225,OCI0238,442,2G
225,20230225,OCI0239,466,2G
226,20230225,OCI0240,504,2G
227,20230225,OCI0241,523,2G
228,20230225,OCI0242,197,2G
229,20230225,OCI0243,233,2G
230,20230225,OCI0244,138,2G
231,20230225,OCI0245,22,2G
232,20230225,OCI0246,139,2G
233,20230225,OCI0247,1250,2G
234,20230225,OCI0248,866,2G
235,20230225,OCI0249,456,2G
236,20230225,OCI0250,298,2G
237,20230225,OCI0251,511,2G
238,20230225,OCI0252,155,2G
239,20230225,OCI0253,198,2G
240,20230225,OCI0254,201,2G
241,20230225,OCI0255,350,2G
242,20230225,OCI0256,396,2G
243,20230225,OCI0257,1114,2G
244,20230225,OCI0258,174,2G
245,20230225,OCI0259,197,2G
246,20230225,OCI0260,301,2G
247,20230225,OCI0261,687,2G
248,20230225,OCI0262,1590,2G
249,20230225,OCI0263,1161,2G
250,20230225,OCI0264,1880,2G
251,20230225,OCI0265,403,2G
252,20230225,OCI0266,903,2G
253,20230225,OCI0267,1283,2G
254,20230225,OCI0268,1533,2G
255,20230225,OCI0269,1281,2G
256,20230225,OCI0270,804,2G
257,20230225,OCI0271,189,2G
258,20230225,OCI0272,158,2G
259,20230225,OCI0273,351,2G
260,20230225,OCI0274,369,2G
261,20230225,OCI0275,109,2G
262,20230225,OCI0276,1050,2G
263,20230225,OCI0277,85,2G
264,20230225,OCI0278,4,2G
265,20230225,OCI0279,217,2G
266,20230225,OCI0280,245,2G
267,20230225,OCI0281,13,2G
268,20230225,OCI0282,60,2G
269,20230225,OCI0283,241,2G
270,20230225,OCI0284,481,2G
271,20230225,OCI0285,217,2G
272,20230225,OCI0286,131,2G
273,20230225,OCI0287,207,2G
274,20230225,OCI0288,642,2G
275,20230225,OCI0291,251,2G
276,20230225,OCI0292,18,2G
277,20230225,OCI0293,3803,2G
278,20230225,OCI0294,198,2G
279,20230225,OCI0295,314,2G
280,20230225,OCI0297,118,2G
281,20230225,OCI0298,140,2G
282,20230225,OCI0299,554,2G
283,20230225,OCI0300,204,2G
284,20230225,OCI0301,590,2G
285,20230225,OCI0302,74,2G
286,20230225,OCI0303,224,2G
287,20230225,OCI0304,174,2G
288,20230225,OCI0305,361,2G
289,20230225,OCI0306,261,2G
290,20230225,OCI0307,95,2G
291,20230225,OCI0308,44,2G
292,20230225,OCI0309,557,2G
293,20230225,OCI0311,282,2G
294,20230225,OCI0312,80,2G
295,20230225,OCI0313,251,2G
296,20230225,OCI0314,102,2G
297,20230225,OCI0315,710,2G
298,20230225,OCI0316,355,2G
299,20230225,OCI0317,552,2G
300,20230225,OCI0319,625,2G
301,20230225,OCI0320,838,2G
302,20230225,OCI0321,198,2G
303,20230225,OCI0322,313,2G
304,20230225,OCI0323,1445,2G
305,20230225,OCI0324,264,2G
306,20230225,OCI0325,882,2G
307,20230225,OCI0326,661,2G
308,20230225,OCI0327,135,2G
309,20230225,OCI0328,359,2G
310,20230225,OCI0329,525,2G
311,20230225,OCI0330,296,2G
312,20230225,OCI0331,2613,2G
313,20230225,OCI0332,316,2G
314,20230225,OCI0333,1169,2G
315,20230225,OCI0334,1019,2G
316,20230225,OCI0335,693,2G
317,20230225,OCI0336,692,2G
318,20230225,OCI0337,179,2G
319,20230225,OCI0338,257,2G
320,20230225,OCI0339,161,2G
321,20230225,OCI0341,504,2G
322,20230225,OCI0342,140,2G
323,20230225,OCI0343,234,2G
324,20230225,OCI0344,30,2G
325,20230225,OCI0345,1814,2G
326,20230225,OCI0347,266,2G
327,20230225,OCI0348,315,2G
328,20230225,OCI0349,269,2G
329,20230225,OCI0350,1048,2G
330,20230225,OCI0351,347,2G
331,20230225,OCI0352,102,2G
332,20230225,OCI0353,123,2G
333,20230225,OCI0354,454,2G
334,20230225,OCI0355,569,2G
335,20230225,OCI0356,147,2G
336,20230225,OCI0357,1318,2G
337,20230225,OCI0358,299,2G
338,20230225,OCI0359,171,2G
339,20230225,OCI0360,382,2G
340,20230225,OCI0361,2598,2G
341,20230225,OCI0362,857,2G
342,20230225,OCI0363,705,2G
343,20230225,OCI0364,273,2G
344,20230225,OCI0365,555,2G
345,20230225,OCI0366,98,2G
346,20230225,OCI0367,720,2G
347,20230225,OCI0368,427,2G
348,20230225,OCI0369,327,2G
349,20230225,OCI0370,276,2G
350,20230225,OCI0371,121,2G
351,20230225,OCI0372,192,2G
352,20230225,OCI0373,281,2G
353,20230225,OCI0374,478,2G
354,20230225,OCI0375,860,2G
355,20230225,OCI0376,217,2G
356,20230225,OCI0377,1425,2G
357,20230225,OCI0378,1598,2G
358,20230225,OCI0379,344,2G
359,20230225,OCI0380,748,2G
360,20230225,OCI0381,230,2G
361,20230225,OCI0382,179,2G
362,20230225,OCI0383,272,2G
363,20230225,OCI0384,2114,2G
364,20230225,OCI0385,71,2G
365,20230225,OCI0386,1364,2G
366,20230225,OCI0387,617,2G
367,20230225,OCI0388,958,2G
368,20230225,OCI0389,989,2G
369,20230225,OCI0390,878,2G
370,20230225,OCI0391,497,2G
371,20230225,OCI0392,438,2G
372,20230225,OCI0393,4418,2G
373,20230225,OCI0394,158,2G
374,20230225,OCI0395,508,2G
375,20230225,OCI0396,733,2G
376,20230225,OCI0397,533,2G
377,20230225,OCI0398,530,2G
378,20230225,OCI0399,178,2G
379,20230225,OCI0400,220,2G
380,20230225,OCI0401,206,2G
381,20230225,OCI0402,344,2G
382,20230225,OCI0403,154,2G
383,20230225,OCI0404,2621,2G
384,20230225,OCI0405,320,2G
385,20230225,OCI0406,292,2G
386,20230225,OCI0407,250,2G
387,20230225,OCI0408,379,2G
388,20230225,OCI0409,73,2G
389,20230225,OCI0410,17,2G
390,20230225,OCI0411,76,2G
391,20230225,OCI0412,31,2G
392,20230225,OCI0413,163,2G
393,20230225,OCI0414,731,2G
394,20230225,OCI0415,401,2G
395,20230225,OCI0416,442,2G
396,20230225,OCI0417,403,2G
397,20230225,OCI0418,165,2G
398,20230225,OCI0419,225,2G
399,20230225,OCI0420,615,2G
400,20230225,OCI0421,742,2G
401,20230225,OCI0422,270,2G
402,20230225,OCI0423,319,2G
403,20230225,OCI0424,442,2G
404,20230225,OCI0426,380,2G
405,20230225,OCI0427,96,2G
406,20230225,OCI0428,137,2G
407,20230225,OCI0429,1423,2G
408,20230225,OCI0430,292,2G
409,20230225,OCI0431,248,2G
410,20230225,OCI0432,234,2G
411,20230225,OCI0433,125,2G
412,20230225,OCI0434,225,2G
413,20230225,OCI0435,171,2G
414,20230225,OCI0436,0,2G
415,20230225,OCI0437,50,2G
416,20230225,OCI0438,237,2G
417,20230225,OCI0439,217,2G
418,20230225,OCI0440,105,2G
419,20230225,OCI0441,285,2G
420,20230225,OCI0442,90,2G
421,20230225,OCI0443,429,2G
422,20230225,OCI0444,359,2G
423,20230225,OCI0445,812,2G
424,20230225,OCI0446,839,2G
425,20230225,OCI0447,762,2G
426,20230225,OCI0448,851,2G
427,20230225,OCI0449,566,2G
428,20230225,OCI0450,732,2G
429,20230225,OCI0451,310,2G
430,20230225,OCI0452,317,2G
431,20230225,OCI0453,1268,2G
432,20230225,OCI0454,410,2G
433,20230225,OCI0455,104,2G
434,20230225,OCI0456,516,2G
435,20230225,OCI0457,215,2G
436,20230225,OCI0458,67,2G
437,20230225,OCI0459,610,2G
438,20230225,OCI0460,451,2G
439,20230225,OCI0461,156,2G
440,20230225,OCI0463,1394,2G
441,20230225,OCI0464,330,2G
442,20230225,OCI0465,114,2G
443,20230225,OCI0466,52,2G
444,20230225,OCI0467,775,2G
445,20230225,OCI0468,246,2G
446,20230225,OCI0469,1323,2G
447,20230225,OCI0470,72,2G
448,20230225,OCI0472,1935,2G
449,20230225,OCI0473,1068,2G
450,20230225,OCI0474,557,2G
451,20230225,OCI0475,2564,2G
452,20230225,OCI0476,106,2G
453,20230225,OCI0477,229,2G
454,20230225,OCI0478,112,2G
455,20230225,OCI0479,1408,2G
456,20230225,OCI0480,1086,2G
457,20230225,OCI0481,551,2G
458,20230225,OCI0482,466,2G
459,20230225,OCI0483,203,2G
460,20230225,OCI0484,601,2G
461,20230225,OCI0485,261,2G
462,20230225,OCI0486,806,2G
463,20230225,OCI0487,344,2G
464,20230225,OCI0488,118,2G
465,20230225,OCI0489,139,2G
466,20230225,OCI0490,44,2G
467,20230225,OCI0491,495,2G
468,20230225,OCI0492,598,2G
469,20230225,OCI0493,254,2G
470,20230225,OCI0494,919,2G
471,20230225,OCI0495,91,2G
472,20230225,OCI0496,586,2G
473,20230225,OCI0497,182,2G
474,20230225,OCI0498,783,2G
475,20230225,OCI0499,175,2G
476,20230225,OCI0500,108,2G
477,20230225,OCI0501,313,2G
478,20230225,OCI0502,474,2G
479,20230225,OCI0503,502,2G
480,20230225,OCI0504,964,2G
481,20230225,OCI0505,366,2G
482,20230225,OCI0506,220,2G
483,20230225,OCI0507,124,2G
484,20230225,OCI0508,859,2G
485,20230225,OCI0509,90,2G
486,20230225,OCI0510,1986,2G
487,20230225,OCI0511,223,2G
488,20230225,OCI0512,707,2G
489,20230225,OCI0513,79,2G
490,20230225,OCI0514,138,2G
491,20230225,OCI0515,471,2G
492,20230225,OCI0516,669,2G
493,20230225,OCI0517,92,2G
494,20230225,OCI0518,803,2G
495,20230225,OCI0519,248,2G
496,20230225,OCI0520,436,2G
497,20230225,OCI0521,277,2G
498,20230225,OCI0522,640,2G
499,20230225,OCI0523,40,2G
500,20230225,OCI0524,589,2G
501,20230225,OCI0525,646,2G
502,20230225,OCI0526,128,2G
503,20230225,OCI0527,309,2G
504,20230225,OCI0528,565,2G
505,20230225,OCI0529,2216,2G
506,20230225,OCI0530,621,2G
507,20230225,OCI0531,538,2G
508,20230225,OCI0532,374,2G
509,20230225,OCI0533,239,2G
510,20230225,OCI0534,157,2G
511,20230225,OCI0535,40,2G
512,20230225,OCI0536,514,2G
513,20230225,OCI0537,119,2G
514,20230225,OCI0538,955,2G
515,20230225,OCI0539,690,2G
516,20230225,OCI0540,79,2G
517,20230225,OCI0541,245,2G
518,20230225,OCI0542,4,2G
519,20230225,OCI0544,174,2G
520,20230225,OCI0545,118,2G
521,20230225,OCI0546,84,2G
522,20230225,OCI0547,637,2G
523,20230225,OCI0548,102,2G
524,20230225,OCI0549,166,2G
525,20230225,OCI0550,323,2G
526,20230225,OCI0551,349,2G
527,20230225,OCI0552,100,2G
528,20230225,OCI0553,774,2G
529,20230225,OCI0554,440,2G
530,20230225,OCI0555,696,2G
531,20230225,OCI0556,659,2G
532,20230225,OCI0557,0,2G
533,20230225,OCI0559,956,2G
534,20230225,OCI0560,322,2G
535,20230225,OCI0561,552,2G
536,20230225,OCI0562,66,2G
537,20230225,OCI0563,193,2G
538,20230225,OCI0564,145,2G
539,20230225,OCI0565,1199,2G
540,20230225,OCI0566,134,2G
541,20230225,OCI0567,313,2G
542,20230225,OCI0568,448,2G
543,20230225,OCI0569,126,2G
544,20230225,OCI0570,121,2G
545,20230225,OCI0572,380,2G
546,20230225,OCI0573,56,2G
547,20230225,OCI0574,204,2G
548,20230225,OCI0575,326,2G
549,20230225,OCI0576,181,2G
550,20230225,OCI0577,626,2G
551,20230225,OCI0578,500,2G
552,20230225,OCI0579,40,2G
553,20230225,OCI0580,126,2G
554,20230225,OCI0581,358,2G
555,20230225,OCI0582,141,2G
556,20230225,OCI0583,274,2G
557,20230225,OCI0584,618,2G
558,20230225,OCI0585,395,2G
559,20230225,OCI0586,158,2G
560,20230225,OCI0588,899,2G
561,20230225,OCI0589,209,2G
562,20230225,OCI0590,271,2G
563,20230225,OCI0591,79,2G
564,20230225,OCI0592,637,2G
565,20230225,OCI0593,109,2G
566,20230225,OCI0594,673,2G
567,20230225,OCI0595,251,2G
568,20230225,OCI0596,319,2G
569,20230225,OCI0598,411,2G
570,20230225,OCI0599,248,2G
571,20230225,OCI0601,636,2G
572,20230225,OCI0602,114,2G
573,20230225,OCI0603,133,2G
574,20230225,OCI0605,1317,2G
575,20230225,OCI0606,788,2G
576,20230225,OCI0607,735,2G
577,20230225,OCI0608,274,2G
578,20230225,OCI0609,225,2G
579,20230225,OCI0610,1868,2G
580,20230225,OCI0611,121,2G
581,20230225,OCI0612,114,2G
582,20230225,OCI0613,237,2G
583,20230225,OCI0614,245,2G
584,20230225,OCI0615,83,2G
585,20230225,OCI0616,597,2G
586,20230225,OCI0617,299,2G
587,20230225,OCI0618,813,2G
588,20230225,OCI0619,770,2G
589,20230225,OCI0620,946,2G
590,20230225,OCI0621,576,2G
591,20230225,OCI0622,558,2G
592,20230225,OCI0623,1304,2G
593,20230225,OCI0624,264,2G
594,20230225,OCI0625,22,2G
595,20230225,OCI0626,2415,2G
596,20230225,OCI0627,1003,2G
597,20230225,OCI0628,289,2G
598,20230225,OCI0629,1289,2G
599,20230225,OCI0630,289,2G
600,20230225,OCI0631,381,2G
601,20230225,OCI0632,353,2G
602,20230225,OCI0633,545,2G
603,20230225,OCI0634,549,2G
604,20230225,OCI0635,646,2G
605,20230225,OCI0636,981,2G
606,20230225,OCI0637,607,2G
607,20230225,OCI0639,433,2G
608,20230225,OCI0641,798,2G
609,20230225,OCI0642,201,2G
610,20230225,OCI0643,235,2G
611,20230225,OCI0644,8,2G
612,20230225,OCI0645,663,2G
613,20230225,OCI0646,174,2G
614,20230225,OCI0647,1,2G
615,20230225,OCI0648,954,2G
616,20230225,OCI0649,409,2G
617,20230225,OCI0651,94,2G
618,20230225,OCI0652,261,2G
619,20230225,OCI0653,299,2G
620,20230225,OCI0654,342,2G
621,20230225,OCI0655,356,2G
622,20230225,OCI0656,322,2G
623,20230225,OCI0657,147,2G
624,20230225,OCI0658,189,2G
625,20230225,OCI0659,89,2G
626,20230225,OCI0660,243,2G
627,20230225,OCI0661,172,2G
628,20230225,OCI0662,789,2G
629,20230225,OCI0663,444,2G
630,20230225,OCI0664,247,2G
631,20230225,OCI0665,134,2G
632,20230225,OCI0666,596,2G
633,20230225,OCI0667,5220,2G
634,20230225,OCI0668,650,2G
635,20230225,OCI0669,247,2G
636,20230225,OCI0670,169,2G
637,20230225,OCI0671,483,2G
638,20230225,OCI0672,556,2G
639,20230225,OCI0673,985,2G
640,20230225,OCI0674,972,2G
641,20230225,OCI0675,259,2G
642,20230225,OCI0676,711,2G
643,20230225,OCI0677,1066,2G
644,20230225,OCI0678,179,2G
645,20230225,OCI0679,2061,2G
646,20230225,OCI0680,262,2G
647,20230225,OCI0681,159,2G
648,20230225,OCI0682,176,2G
649,20230225,OCI0683,1035,2G
650,20230225,OCI0684,185,2G
651,20230225,OCI0685,743,2G
652,20230225,OCI0686,119,2G
653,20230225,OCI0687,684,2G
654,20230225,OCI0688,290,2G
655,20230225,OCI0689,249,2G
656,20230225,OCI0690,67,2G
657,20230225,OCI0691,285,2G
658,20230225,OCI0692,165,2G
659,20230225,OCI0693,52,2G
660,20230225,OCI0694,598,2G
661,20230225,OCI0695,270,2G
662,20230225,OCI0697,606,2G
663,20230225,OCI0698,184,2G
664,20230225,OCI0699,184,2G
665,20230225,OCI0700,436,2G
666,20230225,OCI0701,26,2G
667,20230225,OCI0702,655,2G
668,20230225,OCI0703,217,2G
669,20230225,OCI0704,12,2G
670,20230225,OCI0705,368,2G
671,20230225,OCI0706,320,2G
672,20230225,OCI0707,174,2G
673,20230225,OCI0708,38,2G
674,20230225,OCI0709,249,2G
675,20230225,OCI0711,701,2G
676,20230225,OCI0712,737,2G
677,20230225,OCI0713,306,2G
678,20230225,OCI0715,1100,2G
679,20230225,OCI0716,578,2G
680,20230225,OCI0717,329,2G
681,20230225,OCI0718,152,2G
682,20230225,OCI0719,1253,2G
683,20230225,OCI0720,493,2G
684,20230225,OCI0721,159,2G
685,20230225,OCI0722,255,2G
686,20230225,OCI0723,546,2G
687,20230225,OCI0724,148,2G
688,20230225,OCI0725,72,2G
689,20230225,OCI0726,61,2G
690,20230225,OCI0727,288,2G
691,20230225,OCI0728,259,2G
692,20230225,OCI0729,174,2G
693,20230225,OCI0730,121,2G
694,20230225,OCI0731,4,2G
695,20230225,OCI0732,21,2G
696,20230225,OCI0734,57,2G
697,20230225,OCI0736,0,2G
698,20230225,OCI0737,0,2G
699,20230225,OCI0740,0,2G
700,20230225,OCI0741,0,2G
701,20230225,OCI0742,0,2G
702,20230225,OCI0744,2,2G
703,20230225,OCI0746,0,2G
704,20230225,OCI0750,200,2G
705,20230225,OCI0751,576,2G
706,20230225,OCI0752,147,2G
707,20230225,OCI0753,548,2G
708,20230225,OCI0754,415,2G
709,20230225,OCI0755,562,2G
710,20230225,OCI0756,436,2G
711,20230225,OCI0757,196,2G
712,20230225,OCI0759,553,2G
713,20230225,OCI0760,143,2G
714,20230225,OCI0761,1233,2G
715,20230225,OCI0762,119,2G
716,20230225,OCI0763,4165,2G
717,20230225,OCI0764,3383,2G
718,20230225,OCI0765,144,2G
719,20230225,OCI0766,1455,2G
720,20230225,OCI0767,413,2G
721,20230225,OCI0768,958,2G
722,20230225,OCI0769,314,2G
723,20230225,OCI0771,287,2G
724,20230225,OCI0772,471,2G
725,20230225,OCI0773,366,2G
726,20230225,OCI0774,277,2G
727,20230225,OCI0775,327,2G
728,20230225,OCI0776,37,2G
729,20230225,OCI0778,716,2G
730,20230225,OCI0779,76,2G
731,20230225,OCI0780,871,2G
732,20230225,OCI0781,585,2G
733,20230225,OCI0782,71,2G
734,20230225,OCI0783,378,2G
735,20230225,OCI0784,1884,2G
736,20230225,OCI0785,3,2G
737,20230225,OCI0786,426,2G
738,20230225,OCI0787,503,2G
739,20230225,OCI0788,147,2G
740,20230225,OCI0790,336,2G
741,20230225,OCI0791,826,2G
742,20230225,OCI0792,1184,2G
743,20230225,OCI0793,219,2G
744,20230225,OCI0794,494,2G
745,20230225,OCI0795,338,2G
746,20230225,OCI0796,2077,2G
747,20230225,OCI0797,154,2G
748,20230225,OCI0798,708,2G
749,20230225,OCI0799,1157,2G
750,20230225,OCI0800,1000,2G
751,20230225,OCI0801,187,2G
752,20230225,OCI0802,866,2G
753,20230225,OCI0803,716,2G
754,20230225,OCI0804,480,2G
755,20230225,OCI0805,253,2G
756,20230225,OCI0806,154,2G
757,20230225,OCI0807,161,2G
758,20230225,OCI0808,335,2G
759,20230225,OCI0809,446,2G
760,20230225,OCI0810,171,2G
761,20230225,OCI0811,283,2G
762,20230225,OCI0812,128,2G
763,20230225,OCI0813,242,2G
764,20230225,OCI0814,302,2G
765,20230225,OCI0815,346,2G
766,20230225,OCI0816,663,2G
767,20230225,OCI0818,278,2G
768,20230225,OCI0819,341,2G
769,20230225,OCI0820,141,2G
770,20230225,OCI0821,0,2G
771,20230225,OCI0823,152,2G
772,20230225,OCI0824,1127,2G
773,20230225,OCI0825,519,2G
774,20230225,OCI0826,595,2G
775,20230225,OCI0827,153,2G
776,20230225,OCI0828,297,2G
777,20230225,OCI0829,290,2G
778,20230225,OCI0830,233,2G
779,20230225,OCI0831,410,2G
780,20230225,OCI0832,437,2G
781,20230225,OCI0833,637,2G
782,20230225,OCI0834,258,2G
783,20230225,OCI0835,151,2G
784,20230225,OCI0836,129,2G
785,20230225,OCI0837,507,2G
786,20230225,OCI0838,131,2G
787,20230225,OCI0839,530,2G
788,20230225,OCI0840,357,2G
789,20230225,OCI0841,708,2G
790,20230225,OCI0842,119,2G
791,20230225,OCI0843,245,2G
792,20230225,OCI0844,213,2G
793,20230225,OCI0845,294,2G
794,20230225,OCI0846,0,2G
795,20230225,OCI0847,103,2G
796,20230225,OCI0848,100,2G
797,20230225,OCI0849,97,2G
798,20230225,OCI0850,984,2G
799,20230225,OCI0851,77,2G
800,20230225,OCI0852,1152,2G
801,20230225,OCI0854,754,2G
802,20230225,OCI0855,307,2G
803,20230225,OCI0856,143,2G
804,20230225,OCI0857,913,2G
805,20230225,OCI0858,253,2G
806,20230225,OCI0859,232,2G
807,20230225,OCI0860,929,2G
808,20230225,OCI0861,360,2G
809,20230225,OCI0862,126,2G
810,20230225,OCI0863,1219,2G
811,20230225,OCI0864,223,2G
812,20230225,OCI0865,666,2G
813,20230225,OCI0866,361,2G
814,20230225,OCI0867,281,2G
815,20230225,OCI0868,320,2G
816,20230225,OCI0869,251,2G
817,20230225,OCI0870,701,2G
818,20230225,OCI0872,1332,2G
819,20230225,OCI0873,647,2G
820,20230225,OCI0874,387,2G
821,20230225,OCI0876,739,2G
822,20230225,OCI0877,1636,2G
823,20230225,OCI0878,49,2G
824,20230225,OCI0879,28,2G
825,20230225,OCI0880,1394,2G
826,20230225,OCI0881,523,2G
827,20230225,OCI0882,54,2G
828,20230225,OCI0883,563,2G
829,20230225,OCI0884,437,2G
830,20230225,OCI0885,32,2G
831,20230225,OCI0886,544,2G
832,20230225,OCI0887,372,2G
833,20230225,OCI0888,182,2G
834,20230225,OCI0889,375,2G
835,20230225,OCI0890,575,2G
836,20230225,OCI0891,475,2G
837,20230225,OCI0893,1176,2G
838,20230225,OCI0894,162,2G
839,20230225,OCI0895,630,2G
840,20230225,OCI0896,1120,2G
841,20230225,OCI0898,299,2G
842,20230225,OCI0899,70,2G
843,20230225,OCI0901,64,2G
844,20230225,OCI0902,51,2G
845,20230225,OCI0903,218,2G
846,20230225,OCI0905,268,2G
847,20230225,OCI0906,2261,2G
848,20230225,OCI0907,740,2G
849,20230225,OCI0908,52,2G
850,20230225,OCI0909,101,2G
851,20230225,OCI0910,65,2G
852,20230225,OCI0911,29,2G
853,20230225,OCI0912,96,2G
854,20230225,OCI0913,422,2G
855,20230225,OCI0914,91,2G
856,20230225,OCI0915,135,2G
857,20230225,OCI0916,437,2G
858,20230225,OCI0917,52,2G
859,20230225,OCI0919,144,2G
860,20230225,OCI0920,581,2G
861,20230225,OCI0921,641,2G
862,20230225,OCI0922,197,2G
863,20230225,OCI0923,10,2G
864,20230225,OCI0925,64,2G
865,20230225,OCI0926,285,2G
866,20230225,OCI0927,22,2G
867,20230225,OCI0928,105,2G
868,20230225,OCI0929,1507,2G
869,20230225,OCI0930,141,2G
870,20230225,OCI0931,557,2G
871,20230225,OCI0932,48,2G
872,20230225,OCI0935,1700,2G
873,20230225,OCI0936,665,2G
874,20230225,OCI0937,765,2G
875,20230225,OCI0938,1104,2G
876,20230225,OCI0939,965,2G
877,20230225,OCI0940,184,2G
878,20230225,OCI0941,134,2G
879,20230225,OCI0942,80,2G
880,20230225,OCI0943,180,2G
881,20230225,OCI0945,351,2G
882,20230225,OCI0946,587,2G
883,20230225,OCI0947,316,2G
884,20230225,OCI0948,108,2G
885,20230225,OCI0949,305,2G
886,20230225,OCI0950,640,2G
887,20230225,OCI0951,283,2G
888,20230225,OCI0952,820,2G
889,20230225,OCI0953,36,2G
890,20230225,OCI0954,1247,2G
891,20230225,OCI0956,1345,2G
892,20230225,OCI0957,772,2G
893,20230225,OCI0958,562,2G
894,20230225,OCI0959,120,2G
895,20230225,OCI0960,256,2G
896,20230225,OCI0962,568,2G
897,20230225,OCI0963,286,2G
898,20230225,OCI0964,170,2G
899,20230225,OCI0965,441,2G
900,20230225,OCI0966,588,2G
901,20230225,OCI0967,1400,2G
902,20230225,OCI0968,472,2G
903,20230225,OCI0969,489,2G
904,20230225,OCI0970,401,2G
905,20230225,OCI0971,70,2G
906,20230225,OCI0972,96,2G
907,20230225,OCI0973,438,2G
908,20230225,OCI0974,248,2G
909,20230225,OCI0975,173,2G
910,20230225,OCI0976,211,2G
911,20230225,OCI0977,187,2G
912,20230225,OCI0978,478,2G
913,20230225,OCI0979,54,2G
914,20230225,OCI0980,201,2G
915,20230225,OCI0981,376,2G
916,20230225,OCI0982,52,2G
917,20230225,OCI0983,537,2G
918,20230225,OCI0984,215,2G
919,20230225,OCI0985,293,2G
920,20230225,OCI0986,431,2G
921,20230225,OCI0987,95,2G
922,20230225,OCI0988,575,2G
923,20230225,OCI0989,1040,2G
924,20230225,OCI0990,668,2G
925,20230225,OCI0991,42,2G
926,20230225,OCI0992,412,2G
927,20230225,OCI0993,281,2G
928,20230225,OCI0994,19,2G
929,20230225,OCI0995,82,2G
930,20230225,OCI0996,118,2G
931,20230225,OCI0997,131,2G
932,20230225,OCI0999,725,2G
933,20230225,OCI1000,55,2G
934,20230225,OCI1001,165,2G
935,20230225,OCI1002,211,2G
936,20230225,OCI1003,757,2G
937,20230225,OCI1004,246,2G
938,20230225,OCI1005,59,2G
939,20230225,OCI1006,0,2G
940,20230225,OCI1007,572,2G
941,20230225,OCI1008,530,2G
942,20230225,OCI1009,593,2G
943,20230225,OCI1010,2360,2G
944,20230225,OCI1011,1425,2G
945,20230225,OCI1012,395,2G
946,20230225,OCI1013,594,2G
947,20230225,OCI1014,142,2G
948,20230225,OCI1015,671,2G
949,20230225,OCI1016,835,2G
950,20230225,OCI1017,113,2G
951,20230225,OCI1018,302,2G
952,20230225,OCI1019,55,2G
953,20230225,OCI1020,497,2G
954,20230225,OCI1021,1712,2G
955,20230225,OCI1022,118,2G
956,20230225,OCI1023,578,2G
957,20230225,OCI1024,226,2G
958,20230225,OCI1025,46,2G
959,20230225,OCI1026,300,2G
960,20230225,OCI1027,153,2G
961,20230225,OCI1028,523,2G
962,20230225,OCI1029,117,2G
963,20230225,OCI1031,139,2G
964,20230225,OCI1032,1029,2G
965,20230225,OCI1033,97,2G
966,20230225,OCI1034,120,2G
967,20230225,OCI1035,507,2G
968,20230225,OCI1036,56,2G
969,20230225,OCI1037,278,2G
970,20230225,OCI1038,211,2G
971,20230225,OCI1039,101,2G
972,20230225,OCI1040,202,2G
973,20230225,OCI1041,745,2G
974,20230225,OCI1042,347,2G
975,20230225,OCI1043,204,2G
976,20230225,OCI1044,120,2G
977,20230225,OCI1045,467,2G
978,20230225,OCI1046,77,2G
979,20230225,OCI1048,1014,2G
980,20230225,OCI1049,738,2G
981,20230225,OCI1050,377,2G
982,20230225,OCI1051,936,2G
983,20230225,OCI1052,238,2G
984,20230225,OCI1054,155,2G
985,20230225,OCI1055,424,2G
986,20230225,OCI1056,435,2G
987,20230225,OCI1057,2678,2G
988,20230225,OCI1058,645,2G
989,20230225,OCI1059,348,2G
990,20230225,OCI1060,302,2G
991,20230225,OCI1061,49,2G
992,20230225,OCI1062,649,2G
993,20230225,OCI1063,885,2G
994,20230225,OCI1064,209,2G
995,20230225,OCI1065,2800,2G
996,20230225,OCI1066,197,2G
997,20230225,OCI1067,131,2G
998,20230225,OCI1068,247,2G
999,20230225,OCI1069,160,2G
1000,20230225,OCI1070,0,2G
1001,20230225,OCI1071,124,2G
1002,20230225,OCI1072,471,2G
1003,20230225,OCI1073,166,2G
1004,20230225,OCI1074,772,2G
1005,20230225,OCI1075,345,2G
1006,20230225,OCI1076,501,2G
1007,20230225,OCI1077,193,2G
1008,20230225,OCI1078,741,2G
1009,20230225,OCI1079,24,2G
1010,20230225,OCI1080,641,2G
1011,20230225,OCI1081,307,2G
1012,20230225,OCI1082,2441,2G
1013,20230225,OCI1083,118,2G
1014,20230225,OCI1084,71,2G
1015,20230225,OCI1085,58,2G
1016,20230225,OCI1086,170,2G
1017,20230225,OCI1087,271,2G
1018,20230225,OCI1088,215,2G
1019,20230225,OCI1089,234,2G
1020,20230225,OCI1090,621,2G
1021,20230225,OCI1091,171,2G
1022,20230225,OCI1092,554,2G
1023,20230225,OCI1093,501,2G
1024,20230225,OCI1094,311,2G
1025,20230225,OCI1095,134,2G
1026,20230225,OCI1096,361,2G
1027,20230225,OCI1097,272,2G
1028,20230225,OCI1098,475,2G
1029,20230225,OCI1099,227,2G
1030,20230225,OCI1100,0,2G
1031,20230225,OCI1101,791,2G
1032,20230225,OCI1102,134,2G
1033,20230225,OCI1103,0,2G
1034,20230225,OCI1104,381,2G
1035,20230225,OCI1105,1556,2G
1036,20230225,OCI1106,880,2G
1037,20230225,OCI1107,197,2G
1038,20230225,OCI1108,189,2G
1039,20230225,OCI1109,151,2G
1040,20230225,OCI1110,232,2G
1041,20230225,OCI1111,95,2G
1042,20230225,OCI1113,173,2G
1043,20230225,OCI1114,221,2G
1044,20230225,OCI1115,154,2G
1045,20230225,OCI1116,317,2G
1046,20230225,OCI1117,503,2G
1047,20230225,OCI1118,319,2G
1048,20230225,OCI1119,385,2G
1049,20230225,OCI1120,673,2G
1050,20230225,OCI1121,1221,2G
1051,20230225,OCI1122,255,2G
1052,20230225,OCI1124,289,2G
1053,20230225,OCI1125,196,2G
1054,20230225,OCI1126,141,2G
1055,20230225,OCI1127,396,2G
1056,20230225,OCI1128,400,2G
1057,20230225,OCI1129,123,2G
1058,20230225,OCI1130,938,2G
1059,20230225,OCI1131,467,2G
1060,20230225,OCI1132,227,2G
1061,20230225,OCI1133,2065,2G
1062,20230225,OCI1134,519,2G
1063,20230225,OCI1135,303,2G
1064,20230225,OCI1136,279,2G
1065,20230225,OCI1137,590,2G
1066,20230225,OCI1138,87,2G
1067,20230225,OCI1139,221,2G
1068,20230225,OCI1140,719,2G
1069,20230225,OCI1141,201,2G
1070,20230225,OCI1142,270,2G
1071,20230225,OCI1143,1217,2G
1072,20230225,OCI1144,723,2G
1073,20230225,OCI1145,201,2G
1074,20230225,OCI1146,228,2G
1075,20230225,OCI1147,120,2G
1076,20230225,OCI1148,450,2G
1077,20230225,OCI1149,305,2G
1078,20230225,OCI1150,280,2G
1079,20230225,OCI1151,108,2G
1080,20230225,OCI1152,22,2G
1081,20230225,OCI1153,657,2G
1082,20230225,OCI1154,252,2G
1083,20230225,OCI1155,451,2G
1084,20230225,OCI1156,656,2G
1085,20230225,OCI1157,1453,2G
1086,20230225,OCI1158,1724,2G
1087,20230225,OCI1159,587,2G
1088,20230225,OCI1160,172,2G
1089,20230225,OCI1161,599,2G
1090,20230225,OCI1162,356,2G
1091,20230225,OCI1163,260,2G
1092,20230225,OCI1164,162,2G
1093,20230225,OCI1165,286,2G
1094,20230225,OCI1166,546,2G
1095,20230225,OCI1167,1329,2G
1096,20230225,OCI1168,828,2G
1097,20230225,OCI1169,69,2G
1098,20230225,OCI1170,646,2G
1099,20230225,OCI1171,134,2G
1100,20230225,OCI1172,1286,2G
1101,20230225,OCI1173,431,2G
1102,20230225,OCI1174,945,2G
1103,20230225,OCI1175,166,2G
1104,20230225,OCI1176,562,2G
1105,20230225,OCI1177,303,2G
1106,20230225,OCI1178,169,2G
1107,20230225,OCI1179,1072,2G
1108,20230225,OCI1180,295,2G
1109,20230225,OCI1181,253,2G
1110,20230225,OCI1182,518,2G
1111,20230225,OCI1183,121,2G
1112,20230225,OCI1185,856,2G
1113,20230225,OCI1186,4808,2G
1114,20230225,OCI1187,390,2G
1115,20230225,OCI1188,881,2G
1116,20230225,OCI1189,933,2G
1117,20230225,OCI1190,678,2G
1118,20230225,OCI1191,253,2G
1119,20230225,OCI1192,162,2G
1120,20230225,OCI1193,283,2G
1121,20230225,OCI1194,248,2G
1122,20230225,OCI1196,183,2G
1123,20230225,OCI1197,1468,2G
1124,20230225,OCI1198,1249,2G
1125,20230225,OCI1199,53,2G
1126,20230225,OCI1200,561,2G
1127,20230225,OCI1201,1130,2G
1128,20230225,OCI1202,226,2G
1129,20230225,OCI1203,240,2G
1130,20230225,OCI1204,188,2G
1131,20230225,OCI1205,729,2G
1132,20230225,OCI1206,508,2G
1133,20230225,OCI1207,754,2G
1134,20230225,OCI1208,1519,2G
1135,20230225,OCI1209,425,2G
1136,20230225,OCI1210,459,2G
1137,20230225,OCI1211,995,2G
1138,20230225,OCI1212,180,2G
1139,20230225,OCI1213,376,2G
1140,20230225,OCI1214,229,2G
1141,20230225,OCI1215,815,2G
1142,20230225,OCI1216,1522,2G
1143,20230225,OCI1217,600,2G
1144,20230225,OCI1218,550,2G
1145,20230225,OCI1219,94,2G
1146,20230225,OCI1220,665,2G
1147,20230225,OCI1221,199,2G
1148,20230225,OCI1222,398,2G
1149,20230225,OCI1223,2112,2G
1150,20230225,OCI1224,1759,2G
1151,20230225,OCI1225,494,2G
1152,20230225,OCI1226,791,2G
1153,20230225,OCI1227,467,2G
1154,20230225,OCI1228,319,2G
1155,20230225,OCI1229,286,2G
1156,20230225,OCI1230,204,2G
1157,20230225,OCI1232,44,2G
1158,20230225,OCI1233,233,2G
1159,20230225,OCI1236,1287,2G
1160,20230225,OCI1237,235,2G
1161,20230225,OCI1238,886,2G
1162,20230225,OCI1239,255,2G
1163,20230225,OCI1240,365,2G
1164,20230225,OCI1241,60,2G
1165,20230225,OCI1242,326,2G
1166,20230225,OCI1243,262,2G
1167,20230225,OCI1244,2341,2G
1168,20230225,OCI1245,61,2G
1169,20230225,OCI1246,270,2G
1170,20230225,OCI1247,603,2G
1171,20230225,OCI1248,73,2G
1172,20230225,OCI1249,144,2G
1173,20230225,OCI1251,173,2G
1174,20230225,OCI1252,105,2G
1175,20230225,OCI1253,108,2G
1176,20230225,OCI1254,52,2G
1177,20230225,OCI1255,426,2G
1178,20230225,OCI1256,671,2G
1179,20230225,OCI1257,324,2G
1180,20230225,OCI1258,126,2G
1181,20230225,OCI1259,0,2G
1182,20230225,OCI1261,570,2G
1183,20230225,OCI1262,292,2G
1184,20230225,OCI1263,11,2G
1185,20230225,OCI1264,395,2G
1186,20230225,OCI1265,922,2G
1187,20230225,OCI1267,121,2G
1188,20230225,OCI1268,0,2G
1189,20230225,OCI1269,4,2G
1190,20230225,OCI1273,977,2G
1191,20230225,OCI1274,143,2G
1192,20230225,OCI1275,0,2G
1193,20230225,OCI1276,153,2G
1194,20230225,OCI1277,0,2G
1195,20230225,OCI1279,1434,2G
1196,20230225,OCI1280,2000,2G
1197,20230225,OCI1281,186,2G
1198,20230225,OCI1282,73,2G
1199,20230225,OCI1283,1553,2G
1200,20230225,OCI1284,173,2G
1201,20230225,OCI1285,264,2G
1202,20230225,OCI1286,442,2G
1203,20230225,OCI1288,334,2G
1204,20230225,OCI1291,0,2G
1205,20230225,OCI1293,173,2G
1206,20230225,OCI1294,1636,2G
1207,20230225,OCI1295,114,2G
1208,20230225,OCI1296,94,2G
1209,20230225,OCI1297,1091,2G
1210,20230225,OCI1298,313,2G
1211,20230225,OCI1299,313,2G
1212,20230225,OCI1300,101,2G
1213,20230225,OCI1301,446,2G
1214,20230225,OCI1302,201,2G
1215,20230225,OCI1303,271,2G
1216,20230225,OCI1304,0,2G
1217,20230225,OCI1305,159,2G
1218,20230225,OCI1307,471,2G
1219,20230225,OCI1308,16,2G
1220,20230225,OCI1309,40,2G
1221,20230225,OCI1310,253,2G
1222,20230225,OCI1311,1002,2G
1223,20230225,OCI1312,529,2G
1224,20230225,OCI1313,278,2G
1225,20230225,OCI1314,417,2G
1226,20230225,OCI1315,405,2G
1227,20230225,OCI1316,1099,2G
1228,20230225,OCI1318,882,2G
1229,20230225,OCI1319,345,2G
1230,20230225,OCI1320,368,2G
1231,20230225,OCI1321,1080,2G
1232,20230225,OCI1322,181,2G
1233,20230225,OCI1328,1208,2G
1234,20230225,OCI1329,741,2G
1235,20230225,OCI1330,168,2G
1236,20230225,OCI1331,173,2G
1237,20230225,OCI1332,15,2G
1238,20230225,OCI1333,310,2G
1239,20230225,OCI1334,499,2G
1240,20230225,OCI1335,903,2G
1241,20230225,OCI1336,251,2G
1242,20230225,OCI1337,73,2G
1243,20230225,OCI1338,692,2G
1244,20230225,OCI1339,550,2G
1245,20230225,OCI1340,226,2G
1246,20230225,OCI1341,14,2G
1247,20230225,OCI1342,413,2G
1248,20230225,OCI1344,443,2G
1249,20230225,OCI1345,408,2G
1250,20230225,OCI1346,73,2G
1251,20230225,OCI1347,584,2G
1252,20230225,OCI1348,333,2G
1253,20230225,OCI1350,279,2G
1254,20230225,OCI1351,293,2G
1255,20230225,OCI1354,84,2G
1256,20230225,OCI1355,15,2G
1257,20230225,OCI1356,379,2G
1258,20230225,OCI1357,66,2G
1259,20230225,OCI1358,40,2G
1260,20230225,OCI1359,27,2G
1261,20230225,OCI1360,133,2G
1262,20230225,OCI1361,282,2G
1263,20230225,OCI1362,320,2G
1264,20230225,OCI1363,157,2G
1265,20230225,OCI1364,0,2G
1266,20230225,OCI1367,228,2G
1267,20230225,OCI1368,226,2G
1268,20230225,OCI1369,3,2G
1269,20230225,OCI1370,0,2G
1270,20230225,OCI1371,1058,2G
1271,20230225,OCI1372,649,2G
1272,20230225,OCI1374,2193,2G
1273,20230225,OCI1375,259,2G
1274,20230225,OCI1376,285,2G
1275,20230225,OCI1377,1107,2G
1276,20230225,OCI1378,112,2G
1277,20230225,OCI1379,736,2G
1278,20230225,OCI1380,434,2G
1279,20230225,OCI1383,0,2G
1280,20230225,OCI1384,591,2G
1281,20230225,OCI1390,84,2G
1282,20230225,OCI1391,735,2G
1283,20230225,OCI1392,351,2G
1284,20230225,OCI1393,198,2G
1285,20230225,OCI1394,883,2G
1286,20230225,OCI1395,248,2G
1287,20230225,OCI1396,271,2G
1288,20230225,OCI1397,306,2G
1289,20230225,OCI1398,18,2G
1290,20230225,OCI1399,23,2G
1291,20230225,OCI1400,107,2G
1292,20230225,OCI1401,136,2G
1293,20230225,OCI1402,681,2G
1294,20230225,OCI1403,109,2G
1295,20230225,OCI1404,121,2G
1296,20230225,OCI1405,476,2G
1297,20230225,OCI1406,368,2G
1298,20230225,OCI1407,237,2G
1299,20230225,OCI1408,281,2G
1300,20230225,OCI1409,350,2G
1301,20230225,OCI1410,507,2G
1302,20230225,OCI1411,247,2G
1303,20230225,OCI1412,28,2G
1304,20230225,OCI1413,29,2G
1305,20230225,OCI1414,421,2G
1306,20230225,OCI1415,96,2G
1307,20230225,OCI1416,220,2G
1308,20230225,OCI1417,20,2G
1309,20230225,OCI1418,61,2G
1310,20230225,OCI1419,270,2G
1311,20230225,OCI1420,75,2G
1312,20230225,OCI1421,156,2G
1313,20230225,OCI1422,40,2G
1314,20230225,OCI1423,170,2G
1315,20230225,OCI1424,113,2G
1316,20230225,OCI1425,1938,2G
1317,20230225,OCI1426,43,2G
1318,20230225,OCI1427,31,2G
1319,20230225,OCI1428,121,2G
1320,20230225,OCI1429,171,2G
1321,20230225,OCI1430,56,2G
1322,20230225,OCI1431,610,2G
1323,20230225,OCI1433,127,2G
1324,20230225,OCI1434,254,2G
1325,20230225,OCI1435,129,2G
1326,20230225,OCI1436,227,2G
1327,20230225,OCI1437,184,2G
1328,20230225,OCI1438,401,2G
1329,20230225,OCI1439,38,2G
1330,20230225,OCI1440,104,2G
1331,20230225,OCI1441,214,2G
1332,20230225,OCI1442,229,2G
1333,20230225,OCI1443,1201,2G
1334,20230225,OCI1444,45,2G
1335,20230225,OCI1445,183,2G
1336,20230225,OCI1446,597,2G
1337,20230225,OCI1447,170,2G
1338,20230225,OCI1448,384,2G
1339,20230225,OCI1449,187,2G
1340,20230225,OCI1450,362,2G
1341,20230225,OCI1451,425,2G
1342,20230225,OCI1452,225,2G
1343,20230225,OCI1453,757,2G
1344,20230225,OCI1454,75,2G
1345,20230225,OCI1458,307,2G
1346,20230225,OCI1459,234,2G
1347,20230225,OCI1460,144,2G
1348,20230225,OCI1461,443,2G
1349,20230225,OCI1462,356,2G
1350,20230225,OCI1463,597,2G
1351,20230225,OCI1464,433,2G
1352,20230225,OCI1465,160,2G
1353,20230225,OCI1466,90,2G
1354,20230225,OCI1467,230,2G
1355,20230225,OCI1469,87,2G
1356,20230225,OCI1470,66,2G
1357,20230225,OCI1471,557,2G
1358,20230225,OCI1472,295,2G
1359,20230225,OCI1473,173,2G
1360,20230225,OCI1474,209,2G
1361,20230225,OCI1475,3579,2G
1362,20230225,OCI1477,603,2G
1363,20230225,OCI1478,600,2G
1364,20230225,OCI1479,442,2G
1365,20230225,OCI1480,182,2G
1366,20230225,OCI1481,336,2G
1367,20230225,OCI1482,222,2G
1368,20230225,OCI1483,62,2G
1369,20230225,OCI1484,95,2G
1370,20230225,OCI1485,61,2G
1371,20230225,OCI1486,210,2G
1372,20230225,OCI1487,721,2G
1373,20230225,OCI1488,20,2G
1374,20230225,OCI1489,329,2G
1375,20230225,OCI1490,152,2G
1376,20230225,OCI1491,400,2G
1377,20230225,OCI1492,41,2G
1378,20230225,OCI1493,139,2G
1379,20230225,OCI1494,178,2G
1380,20230225,OCI1495,196,2G
1381,20230225,OCI1496,102,2G
1382,20230225,OCI1497,52,2G
1383,20230225,OCI1498,684,2G
1384,20230225,OCI1499,141,2G
1385,20230225,OCI1501,357,2G
1386,20230225,OCI1502,51,2G
1387,20230225,OCI1503,72,2G
1388,20230225,OCI1504,209,2G
1389,20230225,OCI1505,287,2G
1390,20230225,OCI1506,91,2G
1391,20230225,OCI1507,283,2G
1392,20230225,OCI1508,280,2G
1393,20230225,OCI1509,183,2G
1394,20230225,OCI1511,105,2G
1395,20230225,OCI1512,208,2G
1396,20230225,OCI1515,116,2G
1397,20230225,OCI1516,100,2G
1398,20230225,OCI1518,272,2G
1399,20230225,OCI1519,195,2G
1400,20230225,OCI1520,25,2G
1401,20230225,OCI1521,268,2G
1402,20230225,OCI1522,326,2G
1403,20230225,OCI1523,131,2G
1404,20230225,OCI1524,1186,2G
1405,20230225,OCI1525,106,2G
1406,20230225,OCI1526,312,2G
1407,20230225,OCI1527,1220,2G
1408,20230225,OCI1528,79,2G
1409,20230225,OCI1529,193,2G
1410,20230225,OCI1530,212,2G
1411,20230225,OCI1531,429,2G
1412,20230225,OCI1532,550,2G
1413,20230225,OCI1534,242,2G
1414,20230225,OCI1535,330,2G
1415,20230225,OCI1536,114,2G
1416,20230225,OCI1537,120,2G
1417,20230225,OCI1538,238,2G
1418,20230225,OCI1539,234,2G
1419,20230225,OCI1540,81,2G
1420,20230225,OCI1541,226,2G
1421,20230225,OCI1542,702,2G
1422,20230225,OCI1543,90,2G
1423,20230225,OCI1544,52,2G
1424,20230225,OCI1545,516,2G
1425,20230225,OCI1546,45,2G
1426,20230225,OCI1547,50,2G
1427,20230225,OCI1548,245,2G
1428,20230225,OCI1549,2221,2G
1429,20230225,OCI1550,852,2G
1430,20230225,OCI1551,0,2G
1431,20230225,OCI1552,493,2G
1432,20230225,OCI1553,199,2G
1433,20230225,OCI1554,379,2G
1434,20230225,OCI1555,84,2G
1435,20230225,OCI1556,883,2G
1436,20230225,OCI1557,294,2G
1437,20230225,OCI1558,40,2G
1438,20230225,OCI1559,222,2G
1439,20230225,OCI1560,347,2G
1440,20230225,OCI1561,340,2G
1441,20230225,OCI1562,414,2G
1442,20230225,OCI1563,180,2G
1443,20230225,OCI1564,82,2G
1444,20230225,OCI1565,919,2G
1445,20230225,OCI1566,614,2G
1446,20230225,OCI1567,1079,2G
1447,20230225,OCI1568,788,2G
1448,20230225,OCI1569,89,2G
1449,20230225,OCI1570,314,2G
1450,20230225,OCI1571,147,2G
1451,20230225,OCI1572,424,2G
1452,20230225,OCI1573,97,2G
1453,20230225,OCI1574,50,2G
1454,20230225,OCI1575,99,2G
1455,20230225,OCI1576,199,2G
1456,20230225,OCI1577,184,2G
1457,20230225,OCI1578,133,2G
1458,20230225,OCI1579,44,2G
1459,20230225,OCI1580,58,2G
1460,20230225,OCI1581,339,2G
1461,20230225,OCI1582,348,2G
1462,20230225,OCI1583,164,2G
1463,20230225,OCI1584,183,2G
1464,20230225,OCI1585,243,2G
1465,20230225,OCI1588,34,2G
1466,20230225,OCI1589,48,2G
1467,20230225,OCI1590,1800,2G
1468,20230225,OCI1591,579,2G
1469,20230225,OCI1592,149,2G
1470,20230225,OCI1593,277,2G
1471,20230225,OCI1594,433,2G
1472,20230225,OCI1595,262,2G
1473,20230225,OCI1596,122,2G
1474,20230225,OCI1597,151,2G
1475,20230225,OCI1599,60,2G
1476,20230225,OCI1600,110,2G
1477,20230225,OCI1601,284,2G
1478,20230225,OCI1602,402,2G
1479,20230225,OCI1603,851,2G
1480,20230225,OCI1604,96,2G
1481,20230225,OCI1605,1097,2G
1482,20230225,OCI1606,272,2G
1483,20230225,OCI1607,569,2G
1484,20230225,OCI1608,356,2G
1485,20230225,OCI1609,209,2G
1486,20230225,OCI1610,447,2G
1487,20230225,OCI1611,140,2G
1488,20230225,OCI1612,77,2G
1489,20230225,OCI1613,326,2G
1490,20230225,OCI1614,415,2G
1491,20230225,OCI1615,276,2G
1492,20230225,OCI1616,248,2G
1493,20230225,OCI1617,75,2G
1494,20230225,OCI1619,135,2G
1495,20230225,OCI1621,25,2G
1496,20230225,OCI1622,56,2G
1497,20230225,OCI1623,209,2G
1498,20230225,OCI1624,546,2G
1499,20230225,OCI1626,62,2G
1500,20230225,OCI1627,529,2G
1501,20230225,OCI1628,113,2G
1502,20230225,OCI1629,55,2G
1503,20230225,OCI1630,252,2G
1504,20230225,OCI1631,277,2G
1505,20230225,OCI1632,198,2G
1506,20230225,OCI1633,394,2G
1507,20230225,OCI1634,374,2G
1508,20230225,OCI1635,467,2G
1509,20230225,OCI1636,479,2G
1510,20230225,OCI1637,200,2G
1511,20230225,OCI1638,257,2G
1512,20230225,OCI1639,123,2G
1513,20230225,OCI1640,50,2G
1514,20230225,OCI1641,73,2G
1515,20230225,OCI1642,178,2G
1516,20230225,OCI1643,624,2G
1517,20230225,OCI1644,850,2G
1518,20230225,OCI1645,230,2G
1519,20230225,OCI1646,80,2G
1520,20230225,OCI1647,263,2G
1521,20230225,OCI1648,238,2G
1522,20230225,OCI1649,575,2G
1523,20230225,OCI1650,1527,2G
1524,20230225,OCI1651,140,2G
1525,20230225,OCI1652,267,2G
1526,20230225,OCI1653,481,2G
1527,20230225,OCI1654,456,2G
1528,20230225,OCI1655,247,2G
1529,20230225,OCI1656,117,2G
1530,20230225,OCI1657,190,2G
1531,20230225,OCI1658,1334,2G
1532,20230225,OCI1659,882,2G
1533,20230225,OCI1660,365,2G
1534,20230225,OCI1661,195,2G
1535,20230225,OCI1662,139,2G
1536,20230225,OCI1663,80,2G
1537,20230225,OCI1664,144,2G
1538,20230225,OCI1665,169,2G
1539,20230225,OCI1666,310,2G
1540,20230225,OCI1667,187,2G
1541,20230225,OCI1668,101,2G
1542,20230225,OCI1669,230,2G
1543,20230225,OCI1670,1178,2G
1544,20230225,OCI1671,280,2G
1545,20230225,OCI1672,300,2G
1546,20230225,OCI1673,511,2G
1547,20230225,OCI1675,451,2G
1548,20230225,OCI1677,37,2G
1549,20230225,OCI1678,12,2G
1550,20230225,OCI1679,331,2G
1551,20230225,OCI1680,84,2G
1552,20230225,OCI1681,1960,2G
1553,20230225,OCI1682,209,2G
1554,20230225,OCI1683,16,2G
1555,20230225,OCI1684,498,2G
1556,20230225,OCI1685,48,2G
1557,20230225,OCI1686,293,2G
1558,20230225,OCI1689,348,2G
1559,20230225,OCI1690,131,2G
1560,20230225,OCI1691,113,2G
1561,20230225,OCI1692,341,2G
1562,20230225,OCI1693,45,2G
1563,20230225,OCI1694,40,2G
1564,20230225,OCI1695,452,2G
1565,20230225,OCI1696,1130,2G
1566,20230225,OCI1697,116,2G
1567,20230225,OCI1698,611,2G
1568,20230225,OCI1699,184,2G
1569,20230225,OCI1700,86,2G
1570,20230225,OCI1701,60,2G
1571,20230225,OCI1702,132,2G
1572,20230225,OCI1703,279,2G
1573,20230225,OCI1704,81,2G
1574,20230225,OCI1705,61,2G
1575,20230225,OCI1706,382,2G
1576,20230225,OCI1707,3383,2G
1577,20230225,OCI1708,282,2G
1578,20230225,OCI1709,1011,2G
1579,20230225,OCI1710,152,2G
1580,20230225,OCI1711,233,2G
1581,20230225,OCI1712,649,2G
1582,20230225,OCI1713,268,2G
1583,20230225,OCI1714,112,2G
1584,20230225,OCI1715,49,2G
1585,20230225,OCI1716,1430,2G
1586,20230225,OCI1717,59,2G
1587,20230225,OCI1719,650,2G
1588,20230225,OCI1720,592,2G
1589,20230225,OCI1721,146,2G
1590,20230225,OCI1722,194,2G
1591,20230225,OCI1723,166,2G
1592,20230225,OCI1724,286,2G
1593,20230225,OCI1725,101,2G
1594,20230225,OCI1726,244,2G
1595,20230225,OCI1727,69,2G
1596,20230225,OCI1729,161,2G
1597,20230225,OCI1730,28,2G
1598,20230225,OCI1731,300,2G
1599,20230225,OCI1732,86,2G
1600,20230225,OCI1733,301,2G
1601,20230225,OCI1734,746,2G
1602,20230225,OCI1735,906,2G
1603,20230225,OCI1736,26,2G
1604,20230225,OCI1737,412,2G
1605,20230225,OCI1738,127,2G
1606,20230225,OCI1739,618,2G
1607,20230225,OCI1741,468,2G
1608,20230225,OCI1744,263,2G
1609,20230225,OCI1745,4203,2G
1610,20230225,OCI1746,189,2G
1611,20230225,OCI1747,892,2G
1612,20230225,OCI1748,507,2G
1613,20230225,OCI1749,150,2G
1614,20230225,OCI1750,239,2G
1615,20230225,OCI1751,512,2G
1616,20230225,OCI1752,64,2G
1617,20230225,OCI1753,273,2G
1618,20230225,OCI1754,190,2G
1619,20230225,OCI1755,376,2G
1620,20230225,OCI1756,643,2G
1621,20230225,OCI1757,68,2G
1622,20230225,OCI1758,621,2G
1623,20230225,OCI1759,1700,2G
1624,20230225,OCI1760,240,2G
1625,20230225,OCI1761,315,2G
1626,20230225,OCI1762,730,2G
1627,20230225,OCI1763,229,2G
1628,20230225,OCI1764,922,2G
1629,20230225,OCI1765,234,2G
1630,20230225,OCI1766,544,2G
1631,20230225,OCI1767,98,2G
1632,20230225,OCI1768,819,2G
1633,20230225,OCI1769,148,2G
1634,20230225,OCI1770,801,2G
1635,20230225,OCI1771,315,2G
1636,20230225,OCI1772,589,2G
1637,20230225,OCI1773,141,2G
1638,20230225,OCI1774,361,2G
1639,20230225,OCI1775,1993,2G
1640,20230225,OCI1776,3,2G
1641,20230225,OCI1778,37,2G
1642,20230225,OCI1779,2415,2G
1643,20230225,OCI1780,128,2G
1644,20230225,OCI1781,199,2G
1645,20230225,OCI1782,404,2G
1646,20230225,OCI1783,290,2G
1647,20230225,OCI1784,197,2G
1648,20230225,OCI1785,53,2G
1649,20230225,OCI1786,427,2G
1650,20230225,OCI1787,105,2G
1651,20230225,OCI1788,480,2G
1652,20230225,OCI1789,313,2G
1653,20230225,OCI1790,368,2G
1654,20230225,OCI1791,30,2G
1655,20230225,OCI1792,292,2G
1656,20230225,OCI1793,926,2G
1657,20230225,OCI1794,796,2G
1658,20230225,OCI1795,75,2G
1659,20230225,OCI1796,172,2G
1660,20230225,OCI1797,184,2G
1661,20230225,OCI1798,817,2G
1662,20230225,OCI1799,32,2G
1663,20230225,OCI1800,0,2G
1664,20230225,OCI1801,316,2G
1665,20230225,OCI1802,391,2G
1666,20230225,OCI1803,725,2G
1667,20230225,OCI1804,63,2G
1668,20230225,OCI1805,169,2G
1669,20230225,OCI1806,291,2G
1670,20230225,OCI1807,99,2G
1671,20230225,OCI1808,46,2G
1672,20230225,OCI1809,88,2G
1673,20230225,OCI1810,313,2G
1674,20230225,OCI1811,298,2G
1675,20230225,OCI1812,8,2G
1676,20230225,OCI1814,299,2G
1677,20230225,OCI1815,225,2G
1678,20230225,OCI1816,61,2G
1679,20230225,OCI1817,604,2G
1680,20230225,OCI1818,161,2G
1681,20230225,OCI1819,630,2G
1682,20230225,OCI1820,223,2G
1683,20230225,OCI1821,133,2G
1684,20230225,OCI1822,609,2G
1685,20230225,OCI1823,155,2G
1686,20230225,OCI1824,169,2G
1687,20230225,OCI1825,99,2G
1688,20230225,OCI1826,1896,2G
1689,20230225,OCI1827,174,2G
1690,20230225,OCI1829,633,2G
1691,20230225,OCI1830,251,2G
1692,20230225,OCI1831,598,2G
1693,20230225,OCI1832,158,2G
1694,20230225,OCI1833,1459,2G
1695,20230225,OCI1834,956,2G
1696,20230225,OCI1835,901,2G
1697,20230225,OCI1836,252,2G
1698,20230225,OCI1837,406,2G
1699,20230225,OCI1838,0,2G
1700,20230225,OCI1839,71,2G
1701,20230225,OCI1840,123,2G
1702,20230225,OCI1842,516,2G
1703,20230225,OCI1843,0,2G
1704,20230225,OCI1845,99,2G
1705,20230225,OCI1846,377,2G
1706,20230225,OCI1847,102,2G
1707,20230225,OCI1848,268,2G
1708,20230225,OCI1849,89,2G
1709,20230225,OCI1850,1089,2G
1710,20230225,OCI1851,249,2G
1711,20230225,OCI1854,273,2G
1712,20230225,OCI1855,713,2G
1713,20230225,OCI1856,3253,2G
1714,20230225,OCI1857,756,2G
1715,20230225,OCI1858,210,2G
1716,20230225,OCI1859,218,2G
1717,20230225,OCI1860,192,2G
1718,20230225,OCI1861,789,2G
1719,20230225,OCI1862,868,2G
1720,20230225,OCI1863,331,2G
1721,20230225,OCI1864,239,2G
1722,20230225,OCI1865,2699,2G
1723,20230225,OCI1866,1695,2G
1724,20230225,OCI1867,104,2G
1725,20230225,OCI1868,369,2G
1726,20230225,OCI1869,541,2G
1727,20230225,OCI1870,145,2G
1728,20230225,OCI1871,854,2G
1729,20230225,OCI1872,109,2G
1730,20230225,OCI1873,61,2G
1731,20230225,OCI1874,287,2G
1732,20230225,OCI1875,603,2G
1733,20230225,OCI1876,72,2G
1734,20230225,OCI1877,1341,2G
1735,20230225,OCI1878,248,2G
1736,20230225,OCI1880,68,2G
1737,20230225,OCI1881,22,2G
1738,20230225,OCI1882,84,2G
1739,20230225,OCI1884,141,2G
1740,20230225,OCI1885,353,2G
1741,20230225,OCI1886,725,2G
1742,20230225,OCI1887,126,2G
1743,20230225,OCI1888,167,2G
1744,20230225,OCI1889,88,2G
1745,20230225,OCI1890,90,2G
1746,20230225,OCI1891,94,2G
1747,20230225,OCI1892,124,2G
1748,20230225,OCI1893,31,2G
1749,20230225,OCI1894,565,2G
1750,20230225,OCI1895,1035,2G
1751,20230225,OCI1896,767,2G
1752,20230225,OCI1897,126,2G
1753,20230225,OCI1898,72,2G
1754,20230225,OCI1899,1033,2G
1755,20230225,OCI1900,364,2G
1756,20230225,OCI1902,69,2G
1757,20230225,OCI1903,680,2G
1758,20230225,OCI1904,198,2G
1759,20230225,OCI1905,152,2G
1760,20230225,OCI1906,90,2G
1761,20230225,OCI1907,224,2G
1762,20230225,OCI1908,365,2G
1763,20230225,OCI1909,381,2G
1764,20230225,OCI1910,108,2G
1765,20230225,OCI1911,264,2G
1766,20230225,OCI1912,1335,2G
1767,20230225,OCI1913,2144,2G
1768,20230225,OCI1914,183,2G
1769,20230225,OCI1915,693,2G
1770,20230225,OCI1916,426,2G
1771,20230225,OCI1917,166,2G
1772,20230225,OCI1918,351,2G
1773,20230225,OCI1920,614,2G
1774,20230225,OCI1922,168,2G
1775,20230225,OCI1923,839,2G
1776,20230225,OCI1924,215,2G
1777,20230225,OCI1925,289,2G
1778,20230225,OCI1926,447,2G
1779,20230225,OCI1927,70,2G
1780,20230225,OCI1928,0,2G
1781,20230225,OCI1931,0,2G
1782,20230225,OCI1934,41,2G
1783,20230225,OCI1935,6,2G
1784,20230225,OCI1936,93,2G
1785,20230225,OCI1938,122,2G
1786,20230225,OCI1939,455,2G
1787,20230225,OCI1940,118,2G
1788,20230225,OCI1941,0,2G
1789,20230225,OCI1942,222,2G
1790,20230225,OCI1943,31,2G
1791,20230225,OCI1944,1080,2G
1792,20230225,OCI1945,150,2G
1793,20230225,OCI1948,71,2G
1794,20230225,OCI1951,34,2G
1795,20230225,OCI1953,280,2G
1796,20230225,OCI1954,154,2G
1797,20230225,OCI1955,136,2G
1798,20230225,OCI1957,72,2G
1799,20230225,OCI1958,1173,2G
1800,20230225,OCI1959,240,2G
1801,20230225,OCI1960,489,2G
1802,20230225,OCI1961,179,2G
1803,20230225,OCI1962,0,2G
1804,20230225,OCI1963,43,2G
1805,20230225,OCI1965,72,2G
1806,20230225,OCI1966,348,2G
1807,20230225,OCI1967,186,2G
1808,20230225,OCI1968,310,2G
1809,20230225,OCI1969,499,2G
1810,20230225,OCI1971,140,2G
1811,20230225,OCI1973,427,2G
1812,20230225,OCI1975,0,2G
1813,20230225,OCI1976,424,2G
1814,20230225,OCI1977,127,2G
1815,20230225,OCI1978,80,2G
1816,20230225,OCI1979,555,2G
1817,20230225,OCI1980,155,2G
1818,20230225,OCI1981,127,2G
1819,20230225,OCI1983,235,2G
1820,20230225,OCI1984,178,2G
1821,20230225,OCI1985,46,2G
1822,20230225,OCI1986,217,2G
1823,20230225,OCI1987,0,2G
1824,20230225,OCI1988,0,2G
1825,20230225,OCI1989,568,2G
1826,20230225,OCI1990,474,2G
1827,20230225,OCI1991,799,2G
1828,20230225,OCI1992,260,2G
1829,20230225,OCI1993,612,2G
1830,20230225,OCI1994,623,2G
1831,20230225,OCI1995,541,2G
1832,20230225,OCI1996,190,2G
1833,20230225,OCI1997,147,2G
1834,20230225,OCI1998,246,2G
1835,20230225,OCI1999,64,2G
1836,20230225,OCI2001,1228,2G
1837,20230225,OCI2002,1625,2G
1838,20230225,OCI2003,282,2G
1839,20230225,OCI2004,0,2G
1840,20230225,OCI2005,373,2G
1841,20230225,OCI2006,72,2G
1842,20230225,OCI2007,583,2G
1843,20230225,OCI2008,251,2G
1844,20230225,OCI2009,649,2G
1845,20230225,OCI2010,193,2G
1846,20230225,OCI2011,410,2G
1847,20230225,OCI2012,1303,2G
1848,20230225,OCI2016,30,2G
1849,20230225,OCI2017,65,2G
1850,20230225,OCI2019,281,2G
1851,20230225,OCI2020,47,2G
1852,20230225,OCI2021,2322,2G
1853,20230225,OCI2022,270,2G
1854,20230225,OCI2023,265,2G
1855,20230225,OCI2025,144,2G
1856,20230225,OCI2027,119,2G
1857,20230225,OCI2029,645,2G
1858,20230225,OCI2030,229,2G
1859,20230225,OCI2031,254,2G
1860,20230225,OCI2032,811,2G
1861,20230225,OCI2034,116,2G
1862,20230225,OCI2035,586,2G
1863,20230225,OCI2036,207,2G
1864,20230225,OCI2037,0,2G
1865,20230225,OCI2038,214,2G
1866,20230225,OCI2039,358,2G
1867,20230225,OCI2040,1021,2G
1868,20230225,OCI2044,524,2G
1869,20230225,OCI2046,117,2G
1870,20230225,OCI2047,229,2G
1871,20230225,OCI2048,80,2G
1872,20230225,OCI2049,358,2G
1873,20230225,OCI2050,49,2G
1874,20230225,OCI2052,1066,2G
1875,20230225,OCI2053,11,2G
1876,20230225,OCI2055,95,2G
1877,20230225,OCI2056,191,2G
1878,20230225,OCI2058,181,2G
1879,20230225,OCI2059,0,2G
1880,20230225,OCI2061,133,2G
1881,20230225,OCI2062,504,2G
1882,20230225,OCI2064,63,2G
1883,20230225,OCI2065,221,2G
1884,20230225,OCI2067,0,2G
1885,20230225,OCI2068,260,2G
1886,20230225,OCI2070,350,2G
1887,20230225,OCI2071,34,2G
1888,20230225,OCI2072,88,2G
1889,20230225,OCI2073,226,2G
1890,20230225,OCI2076,594,2G
1891,20230225,OCI2077,106,2G
1892,20230225,OCI2078,207,2G
1893,20230225,OCI2079,418,2G
1894,20230225,OCI2081,764,2G
1895,20230225,OCI2082,4,2G
1896,20230225,OCI2083,98,2G
1897,20230225,OCI2084,108,2G
1898,20230225,OCI2086,32,2G
1899,20230225,OCI2088,33,2G
1900,20230225,OCI2089,357,2G
1901,20230225,OCI2090,204,2G
1902,20230225,OCI2091,80,2G
1903,20230225,OCI2092,748,2G
1904,20230225,OCI2094,435,2G
1905,20230225,OCI2095,245,2G
1906,20230225,OCI2097,112,2G
1907,20230225,OCI2098,980,2G
1908,20230225,OCI2099,42,2G
1909,20230225,OCI2101,905,2G
1910,20230225,OCI2102,134,2G
1911,20230225,OCI2103,274,2G
1912,20230225,OCI2104,213,2G
1913,20230225,OCI2105,158,2G
1914,20230225,OCI2106,55,2G
1915,20230225,OCI2107,73,2G
1916,20230225,OCI2108,152,2G
1917,20230225,OCI2109,581,2G
1918,20230225,OCI2110,2435,2G
1919,20230225,OCI2111,29,2G
1920,20230225,OCI2112,117,2G
1921,20230225,OCI2113,80,2G
1922,20230225,OCI2114,223,2G
1923,20230225,OCI2115,1493,2G
1924,20230225,OCI2116,52,2G
1925,20230225,OCI2117,28,2G
1926,20230225,OCI2118,58,2G
1927,20230225,OCI2119,367,2G
1928,20230225,OCI2120,73,2G
1929,20230225,OCI2121,297,2G
1930,20230225,OCI2122,477,2G
1931,20230225,OCI2123,82,2G
1932,20230225,OCI2124,105,2G
1933,20230225,OCI2125,625,2G
1934,20230225,OCI2126,0,2G
1935,20230225,OCI2127,65,2G
1936,20230225,OCI2128,488,2G
1937,20230225,OCI2129,863,2G
1938,20230225,OCI2130,143,2G
1939,20230225,OCI2131,106,2G
1940,20230225,OCI2132,551,2G
1941,20230225,OCI2133,580,2G
1942,20230225,OCI2134,155,2G
1943,20230225,OCI2135,400,2G
1944,20230225,OCI2136,22,2G
1945,20230225,OCI2137,1352,2G
1946,20230225,OCI2138,322,2G
1947,20230225,OCI2139,348,2G
1948,20230225,OCI2140,414,2G
1949,20230225,OCI2141,694,2G
1950,20230225,OCI2142,209,2G
1951,20230225,OCI2143,36,2G
1952,20230225,OCI2144,117,2G
1953,20230225,OCI2145,18,2G
1954,20230225,OCI2146,48,2G
1955,20230225,OCI2147,290,2G
1956,20230225,OCI2148,151,2G
1957,20230225,OCI2149,104,2G
1958,20230225,OCI2150,241,2G
1959,20230225,OCI2151,96,2G
1960,20230225,OCI2152,28,2G
1961,20230225,OCI2153,1406,2G
1962,20230225,OCI2154,545,2G
1963,20230225,OCI2155,317,2G
1964,20230225,OCI2156,615,2G
1965,20230225,OCI2157,91,2G
1966,20230225,OCI2158,165,2G
1967,20230225,OCI2159,205,2G
1968,20230225,OCI2160,52,2G
1969,20230225,OCI2161,317,2G
1970,20230225,OCI2162,133,2G
1971,20230225,OCI2163,241,2G
1972,20230225,OCI2164,199,2G
1973,20230225,OCI2165,215,2G
1974,20230225,OCI2166,163,2G
1975,20230225,OCI2167,164,2G
1976,20230225,OCI2168,201,2G
1977,20230225,OCI2169,28,2G
1978,20230225,OCI2170,194,2G
1979,20230225,OCI2171,45,2G
1980,20230225,OCI2172,386,2G
1981,20230225,OCI2173,551,2G
1982,20230225,OCI2174,276,2G
1983,20230225,OCI2175,250,2G
1984,20230225,OCI2176,175,2G
1985,20230225,OCI2177,237,2G
1986,20230225,OCI2178,499,2G
1987,20230225,OCI2179,388,2G
1988,20230225,OCI2180,1510,2G
1989,20230225,OCI2181,344,2G
1990,20230225,OCI2182,506,2G
1991,20230225,OCI2183,223,2G
1992,20230225,OCI2184,176,2G
1993,20230225,OCI2185,103,2G
1994,20230225,OCI2186,766,2G
1995,20230225,OCI2187,195,2G
1996,20230225,OCI2188,291,2G
1997,20230225,OCI2189,399,2G
1998,20230225,OCI2190,195,2G
1999,20230225,OCI2191,1525,2G
2000,20230225,OCI2192,158,2G
2001,20230225,OCI2193,669,2G
2002,20230225,OCI2194,574,2G
2003,20230225,OCI2195,337,2G
2004,20230225,OCI2196,127,2G
2005,20230225,OCI2197,189,2G
2006,20230225,OCI2198,453,2G
2007,20230225,OCI2199,142,2G
2008,20230225,OCI2200,424,2G
2009,20230225,OCI2201,1,2G
2010,20230225,OCI2202,299,2G
2011,20230225,OCI2203,451,2G
2012,20230225,OCI2204,394,2G
2013,20230225,OCI2205,200,2G
2014,20230225,OCI2206,1683,2G
2015,20230225,OCI2207,237,2G
2016,20230225,OCI2208,45,2G
2017,20230225,OCI2209,744,2G
2018,20230225,OCI2210,614,2G
2019,20230225,OCI2211,171,2G
2020,20230225,OCI2212,646,2G
2021,20230225,OCI2213,179,2G
2022,20230225,OCI2214,155,2G
2023,20230225,OCI2215,161,2G
2024,20230225,OCI2216,158,2G
2025,20230225,OCI2217,72,2G
2026,20230225,OCI2218,155,2G
2027,20230225,OCI2219,608,2G
2028,20230225,OCI2220,205,2G
2029,20230225,OCI2221,991,2G
2030,20230225,OCI2222,53,2G
2031,20230225,OCI2223,534,2G
2032,20230225,OCI2224,391,2G
2033,20230225,OCI2225,533,2G
2034,20230225,OCI2226,562,2G
2035,20230225,OCI2227,172,2G
2036,20230225,OCI2228,199,2G
2037,20230225,OCI2229,119,2G
2038,20230225,OCI2230,374,2G
2039,20230225,OCI2231,143,2G
2040,20230225,OCI2232,176,2G
2041,20230225,OCI2233,319,2G
2042,20230225,OCI2234,52,2G
2043,20230225,OCI2235,416,2G
2044,20230225,OCI2236,366,2G
2045,20230225,OCI2237,387,2G
2046,20230225,OCI2238,885,2G
2047,20230225,OCI2239,291,2G
2048,20230225,OCI2240,2157,2G
2049,20230225,OCI2241,858,2G
2050,20230225,OCI2242,416,2G
2051,20230225,OCI2243,398,2G
2052,20230225,OCI2244,421,2G
2053,20230225,OCI2245,143,2G
2054,20230225,OCI2246,76,2G
2055,20230225,OCI2247,284,2G
2056,20230225,OCI2248,85,2G
2057,20230225,OCI2249,54,2G
2058,20230225,OCI2250,480,2G
2059,20230225,OCI2251,97,2G
2060,20230225,OCI2253,99,2G
2061,20230225,OCI2254,54,2G
2062,20230225,OCI2255,31,2G
2063,20230225,OCI2256,90,2G
2064,20230225,OCI2257,51,2G
2065,20230225,OCI2258,91,2G
2066,20230225,OCI2259,231,2G
2067,20230225,OCI2260,996,2G
2068,20230225,OCI2261,140,2G
2069,20230225,OCI2262,315,2G
2070,20230225,OCI2263,256,2G
2071,20230225,OCI2264,29,2G
2072,20230225,OCI2265,161,2G
2073,20230225,OCI2266,32,2G
2074,20230225,OCI2267,296,2G
2075,20230225,OCI2268,103,2G
2076,20230225,OCI2269,1327,2G
2077,20230225,OCI2270,472,2G
2078,20230225,OCI2271,442,2G
2079,20230225,OCI2272,218,2G
2080,20230225,OCI2273,118,2G
2081,20230225,OCI2274,183,2G
2082,20230225,OCI2275,1503,2G
2083,20230225,OCI2276,409,2G
2084,20230225,OCI2278,195,2G
2085,20230225,OCI2279,204,2G
2086,20230225,OCI2280,70,2G
2087,20230225,OCI2281,1821,2G
2088,20230225,OCI2282,29,2G
2089,20230225,OCI2283,124,2G
2090,20230225,OCI2284,355,2G
2091,20230225,OCI2285,200,2G
2092,20230225,OCI2286,182,2G
2093,20230225,OCI2287,222,2G
2094,20230225,OCI2288,38,2G
2095,20230225,OCI2289,37,2G
2096,20230225,OCI2290,36,2G
2097,20230225,OCI2291,185,2G
2098,20230225,OCI2292,35,2G
2099,20230225,OCI2293,269,2G
2100,20230225,OCI2294,15,2G
2101,20230225,OCI2295,75,2G
2102,20230225,OCI2296,407,2G
2103,20230225,OCI2297,534,2G
2104,20230225,OCI2298,179,2G
2105,20230225,OCI2299,119,2G
2106,20230225,OCI2300,441,2G
2107,20230225,OCI2301,95,2G
2108,20230225,OCI2302,69,2G
2109,20230225,OCI2303,527,2G
2110,20230225,OCI2304,312,2G
2111,20230225,OCI2305,39,2G
2112,20230225,OCI2306,62,2G
2113,20230225,OCI2307,43,2G
2114,20230225,OCI2308,98,2G
2115,20230225,OCI2309,883,2G
2116,20230225,OCI2310,620,2G
2117,20230225,OCI2311,1383,2G
2118,20230225,OCI2312,1534,2G
2119,20230225,OCI2313,1220,2G
2120,20230225,OCI2314,367,2G
2121,20230225,OCI2315,1367,2G
2122,20230225,OCI2316,79,2G
2123,20230225,OCI2317,102,2G
2124,20230225,OCI2318,1245,2G
2125,20230225,OCI2319,245,2G
2126,20230225,OCI2320,233,2G
2127,20230225,OCI2321,694,2G
2128,20230225,OCI2322,186,2G
2129,20230225,OCI2323,558,2G
2130,20230225,OCI2324,54,2G
2131,20230225,OCI2325,609,2G
2132,20230225,OCI2326,289,2G
2133,20230225,OCI2327,446,2G
2134,20230225,OCI2328,366,2G
2135,20230225,OCI2329,108,2G
2136,20230225,OCI2330,0,2G
2137,20230225,OCI2331,590,2G
2138,20230225,OCI2332,308,2G
2139,20230225,OCI2333,349,2G
2140,20230225,OCI2334,313,2G
2141,20230225,OCI2335,565,2G
2142,20230225,OCI2336,595,2G
2143,20230225,OCI2337,418,2G
2144,20230225,OCI2338,66,2G
2145,20230225,OCI2339,186,2G
2146,20230225,OCI2340,136,2G
2147,20230225,OCI2341,430,2G
2148,20230225,OCI2342,19,2G
2149,20230225,OCI2343,494,2G
2150,20230225,OCI2344,166,2G
2151,20230225,OCI2345,972,2G
2152,20230225,OCI2346,791,2G
2153,20230225,OCI2347,250,2G
2154,20230225,OCI2348,242,2G
2155,20230225,OCI2349,470,2G
2156,20230225,OCI2350,659,2G
2157,20230225,OCI2351,711,2G
2158,20230225,OCI2352,75,2G
2159,20230225,OCI2353,219,2G
2160,20230225,OCI2354,244,2G
2161,20230225,OCI2355,53,2G
2162,20230225,OCI2356,12,2G
2163,20230225,OCI2357,229,2G
2164,20230225,OCI2358,43,2G
2165,20230225,OCI2359,383,2G
2166,20230225,OCI2361,278,2G
2167,20230225,OCI2362,309,2G
2168,20230225,OCI2363,65,2G
2169,20230225,OCI2364,411,2G
2170,20230225,OCI2365,153,2G
2171,20230225,OCI2366,49,2G
2172,20230225,OCI2367,41,2G
2173,20230225,OCI2368,189,2G
2174,20230225,OCI2369,181,2G
2175,20230225,OCI2371,282,2G
2176,20230225,OCI2372,177,2G
2177,20230225,OCI2373,12,2G
2178,20230225,OCI2374,158,2G
2179,20230225,OCI2375,190,2G
2180,20230225,OCI2377,224,2G
2181,20230225,OCI2379,444,2G
2182,20230225,OCI2380,176,2G
2183,20230225,OCI2381,1077,2G
2184,20230225,OCI2382,886,2G
2185,20230225,OCI2383,116,2G
2186,20230225,OCI2384,1053,2G
2187,20230225,OCI2386,2247,2G
2188,20230225,OCI2387,72,2G
2189,20230225,OCI2388,1580,2G
2190,20230225,OCI2389,488,2G
2191,20230225,OCI2390,390,2G
2192,20230225,OCI2391,579,2G
2193,20230225,OCI2392,133,2G
2194,20230225,OCI2393,30,2G
2195,20230225,OCI2394,136,2G
2196,20230225,OCI2395,15,2G
2197,20230225,OCI2396,19,2G
2198,20230225,OCI2397,768,2G
2199,20230225,OCI2398,916,2G
2200,20230225,OCI2399,190,2G
2201,20230225,OCI2400,736,2G
2202,20230225,OCI2401,215,2G
2203,20230225,OCI2402,1074,2G
2204,20230225,OCI2403,402,2G
2205,20230225,OCI2404,244,2G
2206,20230225,OCI2405,635,2G
2207,20230225,OCI2407,1047,2G
2208,20230225,OCI2408,499,2G
2209,20230225,OCI2409,841,2G
2210,20230225,OCI2411,324,2G
2211,20230225,OCI2415,191,2G
2212,20230225,OCI2417,33,2G
2213,20230225,OCI2420,39,2G
2214,20230225,OCI2428,492,2G
2215,20230225,OCI2431,145,2G
2216,20230225,OCI2433,739,2G
2217,20230225,OCI2435,31,2G
2218,20230225,OCI2436,32,2G
2219,20230225,OCI2438,146,2G
2220,20230225,OCI2442,138,2G
2221,20230225,OCI2445,60,2G
2222,20230225,OCI2447,138,2G
2223,20230225,OCI2448,378,2G
2224,20230225,OCI2449,273,2G
2225,20230225,OCI2453,278,2G
2226,20230225,OCI2457,144,2G
2227,20230225,OCI2458,377,2G
2228,20230225,OCI2459,482,2G
2229,20230225,OCI2461,639,2G
2230,20230225,OCI2463,127,2G
2231,20230225,OCI2470,109,2G
2232,20230225,OCI2475,205,2G
2233,20230225,OCI2477,24,2G
2234,20230225,OCI2486,71,2G
2235,20230225,OCI2487,200,2G
2236,20230225,OCI2490,236,2G
2237,20230225,OCI2491,192,2G
2238,20230225,OCI2494,54,2G
2239,20230225,OCI2495,169,2G
2240,20230225,OCI2496,88,2G
2241,20230225,OCI2498,342,2G
2242,20230225,OCI2499,423,2G
2243,20230225,OCI2500,249,2G
2244,20230225,OCI2501,102,2G
2245,20230225,OCI2503,129,2G
2246,20230225,OCI2504,127,2G
2247,20230225,OCI2505,211,2G
2248,20230225,OCI2506,227,2G
2249,20230225,OCI2507,343,2G
2250,20230225,OCI2509,193,2G
2251,20230225,OCI2510,122,2G
2252,20230225,OCI2511,29,2G
2253,20230225,OCI2512,114,2G
2254,20230225,OCI2514,90,2G
2255,20230225,OCI2516,67,2G
2256,20230225,OCI2517,116,2G
2257,20230225,OCI2518,229,2G
2258,20230225,OCI2519,1090,2G
2259,20230225,OCI2520,95,2G
2260,20230225,OCI2521,571,2G
2261,20230225,OCI2522,111,2G
2262,20230225,OCI2523,119,2G
2263,20230225,OCI2524,189,2G
2264,20230225,OCI2525,0,2G
2265,20230225,OCI2526,146,2G
2266,20230225,OCI2527,518,2G
2267,20230225,OCI2528,124,2G
2268,20230225,OCI2529,95,2G
2269,20230225,OCI2530,210,2G
2270,20230225,OCI2531,71,2G
2271,20230225,OCI2532,95,2G
2272,20230225,OCI2533,77,2G
2273,20230225,OCI2534,158,2G
2274,20230225,OCI2535,49,2G
2275,20230225,OCI2536,729,2G
2276,20230225,OCI2537,144,2G
2277,20230225,OCI2538,47,2G
2278,20230225,OCI2539,76,2G
2279,20230225,OCI2540,354,2G
2280,20230225,OCI2541,113,2G
2281,20230225,OCI2542,101,2G
2282,20230225,OCI2544,127,2G
2283,20230225,OCI2545,402,2G
2284,20230225,OCI2546,48,2G
2285,20230225,OCI2547,60,2G
2286,20230225,OCI2552,313,2G
2287,20230225,OCI2553,21,2G
2288,20230225,OCI2554,0,2G
2289,20230225,OCI2555,198,2G
2290,20230225,OCI2557,127,2G
2291,20230225,OCI2560,28,2G
2292,20230225,OCI2561,112,2G
2293,20230225,OCI2563,100,2G
2294,20230225,OCI2564,17,2G
2295,20230225,OCI2565,0,2G
2296,20230225,OCI2566,90,2G
2297,20230225,OCI2567,114,2G
2298,20230225,OCI2569,48,2G
2299,20230225,OCI2570,252,2G
2300,20230225,OCI2571,11,2G
2301,20230225,OCI2572,29,2G
2302,20230225,OCI2573,138,2G
2303,20230225,OCI2574,185,2G
2304,20230225,OCI2575,466,2G
2305,20230225,OCI2576,286,2G
2306,20230225,OCI2577,105,2G
2307,20230225,OCI2578,25,2G
2308,20230225,OCI2579,19,2G
2309,20230225,OCI2580,267,2G
2310,20230225,OCI2581,184,2G
2311,20230225,OCI2582,0,2G
2312,20230225,OCI2583,538,2G
2313,20230225,OCI2584,397,2G
2314,20230225,OCI2585,101,2G
2315,20230225,OCI2586,53,2G
2316,20230225,OCI2587,264,2G
2317,20230225,OCI2588,132,2G
2318,20230225,OCI2590,262,2G
2319,20230225,OCI2593,322,2G
2320,20230225,OCI2594,77,2G
2321,20230225,OCI2595,88,2G
2322,20230225,OCI2596,140,2G
2323,20230225,OCI2597,130,2G
2324,20230225,OCI2600,129,2G
2325,20230225,OCI2602,49,2G
2326,20230225,OCI2603,36,2G
2327,20230225,OCI2604,176,2G
2328,20230225,OCI2608,98,2G
2329,20230225,OCI2611,9,2G
2330,20230225,OCI2612,864,2G
2331,20230225,OCI2613,110,2G
2332,20230225,OCI2614,84,2G
2333,20230225,OCI2615,24,2G
2334,20230225,OCI2616,24,2G
2335,20230225,OCI2617,47,2G
2336,20230225,OCI2618,0,2G
2337,20230225,OCI2620,59,2G
2338,20230225,OCI2621,126,2G
2339,20230225,OCI2622,102,2G
2340,20230225,OCI2624,115,2G
2341,20230225,OCI2625,46,2G
2342,20230225,OCI2626,709,2G
2343,20230225,OCI2627,612,2G
2344,20230225,OCI2628,44,2G
2345,20230225,OCI2630,489,2G
2346,20230225,OCI2631,477,2G
2347,20230225,OCI2632,234,2G
2348,20230225,OCI2633,113,2G
2349,20230225,OCI2634,193,2G
2350,20230225,OCI2635,8,2G
2351,20230225,OCI2636,54,2G
2352,20230225,OCI2637,100,2G
2353,20230225,OCI2638,93,2G
2354,20230225,OCI2639,233,2G
2355,20230225,OCI2640,25,2G
2356,20230225,OCI2641,299,2G
2357,20230225,OCI2642,80,2G
2358,20230225,OCI2645,81,2G
2359,20230225,OCI2646,54,2G
2360,20230225,OCI2648,277,2G
2361,20230225,OCI2650,310,2G
2362,20230225,OCI2651,152,2G
2363,20230225,OCI2652,68,2G
2364,20230225,OCI2653,107,2G
2365,20230225,OCI2654,281,2G
2366,20230225,OCI2655,162,2G
2367,20230225,OCI2656,177,2G
2368,20230225,OCI2659,0,2G
2369,20230225,OCI2660,371,2G
2370,20230225,OCI2662,162,2G
2371,20230225,OCI2665,275,2G
2372,20230225,OCI2666,98,2G
2373,20230225,OCI2667,56,2G
2374,20230225,OCI2668,126,2G
2375,20230225,OCI2669,12,2G
2376,20230225,OCI2670,577,2G
2377,20230225,OCI2671,47,2G
2378,20230225,OCI2672,55,2G
2379,20230225,OCI2673,54,2G
2380,20230225,OCI2674,849,2G
2381,20230225,OCI2675,92,2G
2382,20230225,OCI2676,129,2G
2383,20230225,OCI2678,31,2G
2384,20230225,OCI2679,106,2G
2385,20230225,OCI2680,265,2G
2386,20230225,OCI2684,17,2G
2387,20230225,OCI2688,161,2G
2388,20230225,OCI2689,865,2G
2389,20230225,OCI2690,176,2G
2390,20230225,OCI2691,114,2G
2391,20230225,OCI2693,0,2G
2392,20230225,OCI2694,5,2G
2393,20230225,OCI2695,0,2G
2394,20230225,OCI2696,326,2G
2395,20230225,OCI2697,98,2G
2396,20230225,OCI2698,474,2G
2397,20230225,OCI2699,145,2G
2398,20230225,OCI2701,337,2G
2399,20230225,OCI2702,278,2G
2400,20230225,OCI2704,3,2G
2401,20230225,OCI2707,127,2G
2402,20230225,OCI2709,72,2G
2403,20230225,OCI2710,4,2G
2404,20230225,OCI2711,155,2G
2405,20230225,OCI2712,243,2G
2406,20230225,OCI2713,166,2G
2407,20230225,OCI2714,180,2G
2408,20230225,OCI2715,107,2G
2409,20230225,OCI2716,0,2G
2410,20230225,OCI2717,361,2G
2411,20230225,OCI2718,0,2G
2412,20230225,OCI2719,412,2G
2413,20230225,OCI2720,223,2G
2414,20230225,OCI2721,40,2G
2415,20230225,OCI2722,225,2G
2416,20230225,OCI2725,693,2G
2417,20230225,OCI2727,698,2G
2418,20230225,OCI2728,474,2G
2419,20230225,OCI2729,25,2G
2420,20230225,OCI2730,738,2G
2421,20230225,OCI2732,494,2G
2422,20230225,OCI2733,147,2G
2423,20230225,OCI2734,43,2G
2424,20230225,OCI2736,79,2G
2425,20230225,OCI2737,27,2G
2426,20230225,OCI2738,134,2G
2427,20230225,OCI2739,255,2G
2428,20230225,OCI2740,130,2G
2429,20230225,OCI2742,98,2G
2430,20230225,OCI2743,79,2G
2431,20230225,OCI2744,119,2G
2432,20230225,OCI2745,76,2G
2433,20230225,OCI2746,26,2G
2434,20230225,OCI2747,93,2G
2435,20230225,OCI2748,15,2G
2436,20230225,OCI2749,22,2G
2437,20230225,OCI2750,9,2G
2438,20230225,OCI2751,132,2G
2439,20230225,OCI2752,40,2G
2440,20230225,OCI2753,25,2G
2441,20230225,OCI2754,26,2G
2442,20230225,OCI2755,47,2G
2443,20230225,OCI2756,32,2G
2444,20230225,OCI2757,57,2G
2445,20230225,OCI2758,398,2G
2446,20230225,OCI2759,203,2G
2447,20230225,OCI2761,167,2G
2448,20230225,OCI2762,237,2G
2449,20230225,OCI2763,207,2G
2450,20230225,OCI2764,190,2G
2451,20230225,OCI2765,241,2G
2452,20230225,OCI2766,373,2G
2453,20230225,OCI2767,164,2G
2454,20230225,OCI2768,73,2G
2455,20230225,OCI2769,593,2G
2456,20230225,OCI2770,214,2G
2457,20230225,OCI2771,25,2G
2458,20230225,OCI2773,111,2G
2459,20230225,OCI2775,14,2G
2460,20230225,OCI2776,318,2G
2461,20230225,OCI2777,268,2G
2462,20230225,OCI2778,22,2G
2463,20230225,OCI2780,659,2G
2464,20230225,OCI2781,119,2G
2465,20230225,OCI2782,62,2G
2466,20230225,OCI2784,54,2G
2467,20230225,OCI2785,375,2G
2468,20230225,OCI2786,54,2G
2469,20230225,OCI2787,940,2G
2470,20230225,OCI2788,208,2G
2471,20230225,OCI2789,138,2G
2472,20230225,OCI2790,134,2G
2473,20230225,OCI2791,101,2G
2474,20230225,OCI2792,712,2G
2475,20230225,OCI2793,444,2G
2476,20230225,OCI2794,85,2G
2477,20230225,OCI2795,414,2G
2478,20230225,OCI2796,457,2G
2479,20230225,OCI2797,274,2G
2480,20230225,OCI2798,588,2G
2481,20230225,OCI2799,525,2G
2482,20230225,OCI2800,154,2G
2483,20230225,OCI2801,219,2G
2484,20230225,OCI2802,293,2G
2485,20230225,OCI2803,203,2G
2486,20230225,OCI2804,359,2G
2487,20230225,OCI2805,260,2G
2488,20230225,OCI2806,85,2G
2489,20230225,OCI2807,19,2G
2490,20230225,OCI2808,143,2G
2491,20230225,OCI2809,291,2G
2492,20230225,OCI2811,92,2G
2493,20230225,OCI2812,138,2G
2494,20230225,OCI2814,117,2G
2495,20230225,OCI2816,242,2G
2496,20230225,OCI2817,201,2G
2497,20230225,OCI2818,130,2G
2498,20230225,OCI2819,18,2G
2499,20230225,OCI2820,152,2G
2500,20230225,OCI2821,87,2G
2501,20230225,OCI2822,97,2G
2502,20230225,OCI2823,133,2G
2503,20230225,OCI2824,92,2G
2504,20230225,OCI2825,66,2G
2505,20230225,OCI2826,122,2G
2506,20230225,OCI2827,64,2G
2507,20230225,OCI2828,89,2G
2508,20230225,OCI2829,9,2G
2509,20230225,OCI2830,34,2G
2510,20230225,OCI2831,734,2G
2511,20230225,OCI2835,40,2G
2512,20230225,OCI2836,123,2G
2513,20230225,OCI2837,272,2G
2514,20230225,OCI2838,45,2G
2515,20230225,OCI2839,68,2G
2516,20230225,OCI2840,46,2G
2517,20230225,OCI2841,60,2G
2518,20230225,OCI2842,397,2G
2519,20230225,OCI2843,56,2G
2520,20230225,OCI2844,12,2G
2521,20230225,OCI2845,67,2G
2522,20230225,OCI2846,117,2G
2523,20230225,OCI2847,197,2G
2524,20230225,OCI2849,99,2G
2525,20230225,OCI2850,112,2G
2526,20230225,OCI2851,61,2G
2527,20230225,OCI2852,272,2G
2528,20230225,OCI2853,162,2G
2529,20230225,OCI2854,76,2G
2530,20230225,OCI2855,267,2G
2531,20230225,OCI2856,109,2G
2532,20230225,OCI2857,328,2G
2533,20230225,OCI2858,150,2G
2534,20230225,OCI2859,94,2G
2535,20230225,OCI2861,69,2G
2536,20230225,OCI2862,10,2G
2537,20230225,OCI2863,99,2G
2538,20230225,OCI2864,60,2G
2539,20230225,OCI2870,84,2G
2540,20230225,OCI2871,26,2G
2541,20230225,OCI2872,0,2G
2542,20230225,OCI2874,57,2G
2543,20230225,OCI2875,80,2G
2544,20230225,OCI2876,19,2G
2545,20230225,OCI2877,153,2G
2546,20230225,OCI2878,275,2G
2547,20230225,OCI2879,22,2G
2548,20230225,OCI2880,33,2G
2549,20230225,OCI2881,47,2G
2550,20230225,OCI2882,328,2G
2551,20230225,OCI2883,0,2G
2552,20230225,OCI2884,110,2G
2553,20230225,OCI2885,599,2G
2554,20230225,OCI2886,112,2G
2555,20230225,OCI2890,327,2G
2556,20230225,OCI2894,10,2G
2557,20230225,OCI2895,0,2G
2558,20230225,OCI2898,15,2G
2559,20230225,OCI2899,157,2G
2560,20230225,OCI2900,371,2G
2561,20230225,OCI2901,59,2G
2562,20230225,OCI2902,130,2G
2563,20230225,OCI2904,176,2G
2564,20230225,OCI2905,116,2G
2565,20230225,OCI2908,0,2G
2566,20230225,OCI2909,630,2G
2567,20230225,OCI2912,43,2G
2568,20230225,OCI2916,198,2G
2569,20230225,OCI2919,122,2G
2570,20230225,OCI2921,88,2G
2571,20230225,OCI2922,91,2G
2572,20230225,OCI2923,31,2G
2573,20230225,OCI2925,63,2G
2574,20230225,OCI2926,301,2G
2575,20230225,OCI2927,0,2G
2576,20230225,OCI2928,273,2G
2577,20230225,OCI2930,0,2G
2578,20230225,OCI2931,342,2G
2579,20230225,OCI2932,263,2G
2580,20230225,OCI2933,336,2G
2581,20230225,OCI2934,85,2G
2582,20230225,OCI2935,279,2G
2583,20230225,OCI2936,302,2G
2584,20230225,OCI2937,55,2G
2585,20230225,OCI2938,179,2G
2586,20230225,OCI2939,169,2G
2587,20230225,OCI2940,135,2G
2588,20230225,OCI2941,384,2G
2589,20230225,OCI2942,52,2G
2590,20230225,OCI2943,1437,2G
2591,20230225,OCI2944,1119,2G
2592,20230225,OCI2945,167,2G
2593,20230225,OCI2946,230,2G
2594,20230225,OCI2947,131,2G
2595,20230225,OCI2949,67,2G
2596,20230225,OCI2950,0,2G
2597,20230225,OCI2951,146,2G
2598,20230225,OCI2952,114,2G
2599,20230225,OCI2953,82,2G
2600,20230225,OCI2954,54,2G
2601,20230225,OCI2955,279,2G
2602,20230225,OCI2956,302,2G
2603,20230225,OCI2958,139,2G
2604,20230225,OCI2960,76,2G
2605,20230225,OCI2961,193,2G
2606,20230225,OCI2962,178,2G
2607,20230225,OCI2963,75,2G
2608,20230225,OCI2965,597,2G
2609,20230225,OCI2966,155,2G
2610,20230225,OCI2967,659,2G
2611,20230225,OCI2968,276,2G
2612,20230225,OCI2969,519,2G
2613,20230225,OCI2970,246,2G
2614,20230225,OCI2971,121,2G
2615,20230225,OCI2972,15,2G
2616,20230225,OCI2973,804,2G
2617,20230225,OCI2974,64,2G
2618,20230225,OCI2975,52,2G
2619,20230225,OCI2976,291,2G
2620,20230225,OCI2977,73,2G
2621,20230225,OCI2978,50,2G
2622,20230225,OCI2979,70,2G
2623,20230225,OCI2980,80,2G
2624,20230225,OCI2981,155,2G
2625,20230225,OCI2982,291,2G
2626,20230225,OCI2983,241,2G
2627,20230225,OCI2984,213,2G
2628,20230225,OCI2985,108,2G
2629,20230225,OCI2986,109,2G
2630,20230225,OCI2987,304,2G
2631,20230225,OCI2988,185,2G
2632,20230225,OCI2989,175,2G
2633,20230225,OCI2990,341,2G
2634,20230225,OCI2991,647,2G
2635,20230225,OCI2993,177,2G
2636,20230225,OCI2994,92,2G
2637,20230225,OCI2995,338,2G
2638,20230225,OCI2996,131,2G
2639,20230225,OCI2997,82,2G
2640,20230225,OCI2998,280,2G
2641,20230225,OCI2999,64,2G
2642,20230225,OCI3000,232,2G
2643,20230225,OCI3001,49,2G
2644,20230225,OCI3002,455,2G
2645,20230225,OCI3003,36,2G
2646,20230225,OCI3004,160,2G
2647,20230225,OCI3005,245,2G
2648,20230225,OCI3006,254,2G
2649,20230225,OCI3007,146,2G
2650,20230225,OCI3009,100,2G
2651,20230225,OCI3010,158,2G
2652,20230225,OCI3012,401,2G
2653,20230225,OCI3013,34,2G
2654,20230225,OCI3014,152,2G
2655,20230225,OCI3015,694,2G
2656,20230225,OCI3016,36,2G
2657,20230225,OCI3017,146,2G
2658,20230225,OCI3019,208,2G
2659,20230225,OCI3020,389,2G
2660,20230225,OCI3021,179,2G
2661,20230225,OCI3022,137,2G
2662,20230225,OCI3023,72,2G
2663,20230225,OCI3024,17,2G
2664,20230225,OCI3025,77,2G
2665,20230225,OCI3026,159,2G
2666,20230225,OCI3027,443,2G
2667,20230225,OCI3028,178,2G
2668,20230225,OCI3029,12,2G
2669,20230225,OCI3030,143,2G
2670,20230225,OCI3031,196,2G
2671,20230225,OCI3032,124,2G
2672,20230225,OCI3033,497,2G
2673,20230225,OCI3034,228,2G
2674,20230225,OCI3035,176,2G
2675,20230225,OCI3036,242,2G
2676,20230225,OCI3037,419,2G
2677,20230225,OCI3038,249,2G
2678,20230225,OCI3040,323,2G
2679,20230225,OCI3041,405,2G
2680,20230225,OCI3042,240,2G
2681,20230225,OCI3043,300,2G
2682,20230225,OCI3044,158,2G
2683,20230225,OCI3046,258,2G
2684,20230225,OCI3047,208,2G
2685,20230225,OCI3048,82,2G
2686,20230225,OCI3049,385,2G
2687,20230225,OCI3050,240,2G
2688,20230225,OCI3051,176,2G
2689,20230225,OCI3052,69,2G
2690,20230225,OCI3053,513,2G
2691,20230225,OCI3054,142,2G
2692,20230225,OCI3055,61,2G
2693,20230225,OCI3056,24,2G
2694,20230225,OCI3057,132,2G
2695,20230225,OCI3058,78,2G
2696,20230225,OCI3059,95,2G
2697,20230225,OCI3060,90,2G
2698,20230225,OCI3061,149,2G
2699,20230225,OCI3064,294,2G
2700,20230225,OCI3066,50,2G
2701,20230225,OCI3067,138,2G
2702,20230225,OCI3069,200,2G
2703,20230225,OCI3070,214,2G
2704,20230225,OCI3071,475,2G
2705,20230225,OCI3072,294,2G
2706,20230225,OCI3075,0,2G
2707,20230225,OCI3076,137,2G
2708,20230225,OCI3077,54,2G
2709,20230225,OCI3078,11,2G
2710,20230225,OCI3079,73,2G
2711,20230225,OCI3080,22,2G
2712,20230225,OCI3082,786,2G
2713,20230225,OCI3083,180,2G
2714,20230225,OCI3084,138,2G
2715,20230225,OCI3085,299,2G
2716,20230225,OCI3086,27,2G
2717,20230225,OCI3088,208,2G
2718,20230225,OCI3090,458,2G
2719,20230225,OCI3091,326,2G
2720,20230225,OCI3092,127,2G
2721,20230225,OCI3095,104,2G
2722,20230225,OCI3096,0,2G
2723,20230225,OCI3097,81,2G
2724,20230225,OCI3098,208,2G
2725,20230225,OCI3099,335,2G
2726,20230225,OCI3100,23,2G
2727,20230225,OCI3101,170,2G
2728,20230225,OCI3102,185,2G
2729,20230225,OCI3103,109,2G
2730,20230225,OCI3104,42,2G
2731,20230225,OCI3105,35,2G
2732,20230225,OCI3106,59,2G
2733,20230225,OCI3107,137,2G
2734,20230225,OCI3108,391,2G
2735,20230225,OCI3109,76,2G
2736,20230225,OCI3111,173,2G
2737,20230225,OCI3112,397,2G
2738,20230225,OCI3113,65,2G
2739,20230225,OCI3114,132,2G
2740,20230225,OCI3115,10,2G
2741,20230225,OCI3117,68,2G
2742,20230225,OCI3120,188,2G
2743,20230225,OCI3125,34,2G
2744,20230225,OCI3126,42,2G
2745,20230225,OCI3127,0,2G
2746,20230225,OCI3128,389,2G
2747,20230225,OCI3129,414,2G
2748,20230225,OCI3131,192,2G
2749,20230225,OCI3132,239,2G
2750,20230225,OCI3133,46,2G
2751,20230225,OCI3134,94,2G
2752,20230225,OCI3135,43,2G
2753,20230225,OCI3138,16,2G
2754,20230225,OCI3139,274,2G
2755,20230225,OCI3140,307,2G
2756,20230225,OCI3141,327,2G
2757,20230225,OCI3142,127,2G
2758,20230225,OCI3143,96,2G
2759,20230225,OCI3144,119,2G
2760,20230225,OCI3145,18,2G
2761,20230225,OCI3146,293,2G
2762,20230225,OCI3147,62,2G
2763,20230225,OCI3148,162,2G
2764,20230225,OCI3150,853,2G
2765,20230225,OCI3163,0,2G
2766,20230225,OCI3167,37,2G
2767,20230225,OCI3168,179,2G
2768,20230225,OCI3169,67,2G
2769,20230225,OCI3170,338,2G
2770,20230225,OCI3171,91,2G
2771,20230225,OCI3172,177,2G
2772,20230225,OCI3173,125,2G
2773,20230225,OCI3174,233,2G
2774,20230225,OCI3175,34,2G
2775,20230225,OCI3176,84,2G
2776,20230225,OCI3177,110,2G
2777,20230225,OCI3178,194,2G
2778,20230225,OCI3179,167,2G
2779,20230225,OCI3180,350,2G
2780,20230225,OCI3181,98,2G
2781,20230225,OCI3182,174,2G
2782,20230225,OCI3183,230,2G
2783,20230225,OCI3184,8,2G
2784,20230225,OCI3185,0,2G
2785,20230225,OCI3186,94,2G
2786,20230225,OCI3187,100,2G
2787,20230225,OCI3200,136,2G
2788,20230225,OCI3201,56,2G
2789,20230225,OCI3202,143,2G
2790,20230225,OCI3203,86,2G
2791,20230225,OCI3210,0,2G
2792,20230225,OCI3211,0,2G
2793,20230225,OCI3212,0,2G
2794,20230225,OCI3213,79,2G
2795,20230225,OCI3214,160,2G
2796,20230225,OCI3215,377,2G
2797,20230225,OCI3216,393,2G
2798,20230225,OCI3217,103,2G
2799,20230225,OCI3218,491,2G
2800,20230225,OCI3224,993,2G
2801,20230225,OCI3225,633,2G
2802,20230225,OCI3226,196,2G
2803,20230225,OCI3228,106,2G
2804,20230225,OCI3229,153,2G
2805,20230225,OCI3234,360,2G
2806,20230225,OCI3235,184,2G
2807,20230225,OCI3237,68,2G
2808,20230225,OCI3238,167,2G
2809,20230225,OCI3242,1224,2G
2810,20230225,OCI3246,130,2G
2811,20230225,OCI3247,51,2G
2812,20230225,OCI3248,96,2G
2813,20230225,OCI3249,0,2G
2814,20230225,OCI3253,27,2G
2815,20230225,OCI3254,221,2G
2816,20230225,OCI3255,22,2G
2817,20230225,OCI3256,624,2G
2818,20230225,OCI3257,110,2G
2819,20230225,OCI3258,284,2G
2820,20230225,OCI3259,28,2G
2821,20230225,OCI3260,195,2G
2822,20230225,OCI3262,59,2G
2823,20230225,OCI3264,138,2G
2824,20230225,OCI3265,177,2G
2825,20230225,OCI3266,41,2G
2826,20230225,OCI3270,60,2G
2827,20230225,OCI3271,1561,2G
2828,20230225,OCI3276,236,2G
2829,20230225,OCI3279,244,2G
2830,20230225,OCI3281,120,2G
2831,20230225,OCI3286,146,2G
2832,20230225,OCI3287,402,2G
2833,20230225,OCI3289,355,2G
2834,20230225,OCI3290,456,2G
2835,20230225,OCI3292,127,2G
2836,20230225,OCI3295,530,2G
2837,20230225,OCI3296,187,2G
2838,20230225,OCI3297,146,2G
2839,20230225,OCI3303,41,2G
2840,20230225,OCI3312,46,2G
2841,20230225,OCI3315,53,2G
2842,20230225,OCI3316,66,2G
2843,20230225,OCI3320,152,2G
2844,20230225,OCI3323,132,2G
2845,20230225,OCI3324,73,2G
2846,20230225,OCI3326,49,2G
2847,20230225,OCI3329,243,2G
2848,20230225,OCI3330,152,2G
2849,20230225,OCI3331,142,2G
2850,20230225,OCI3334,81,2G
2851,20230225,OCI3337,24,2G
2852,20230225,OCI3339,220,2G
2853,20230225,OCI3345,101,2G
2854,20230225,OCI3346,165,2G
2855,20230225,OCI3347,50,2G
2856,20230225,OCI3351,86,2G
2857,20230225,OCI3354,149,2G
2858,20230225,OCI3356,6,2G
2859,20230225,OCI3359,33,2G
2860,20230225,OCI3366,0,2G
2861,20230225,OCI3368,145,2G
2862,20230225,OCI3369,108,2G
2863,20230225,OCI3370,74,2G
2864,20230225,OCI3371,22,2G
2865,20230225,OCI3372,27,2G
2866,20230225,OCI3374,233,2G
2867,20230225,OCI3386,188,2G
2868,20230225,OCI3387,1339,2G
2869,20230225,OCI3392,71,2G
2870,20230225,OCI3397,182,2G
2871,20230225,OCI3398,197,2G
2872,20230225,OCI3400,27,2G
2873,20230225,OCI3405,83,2G
2874,20230225,OCI3406,93,2G
2875,20230225,OCI3409,11,2G
2876,20230225,OCI3416,40,2G
2877,20230225,OCI3417,305,2G
2878,20230225,OCI3418,25,2G
2879,20230225,OCI3420,397,2G
2880,20230225,OCI3428,430,2G
2881,20230225,OCI3429,3405,2G
2882,20230225,OCI3430,46,2G
2883,20230225,OCI3432,665,2G
2884,20230225,OCI3433,902,2G
2885,20230225,OCI3434,1738,2G
2886,20230225,OCI3435,31,2G
2887,20230225,OCI3436,1771,2G
2888,20230225,OCI3437,40,2G
2889,20230225,OCI3438,654,2G
2890,20230225,OCI3439,136,2G
2891,20230225,OCI3440,1160,2G
2892,20230225,OCI3441,116,2G
2893,20230225,OCI3442,198,2G
2894,20230225,OCI3443,1757,2G
2895,20230225,OCI3444,76,2G
2896,20230225,OCI3445,1083,2G
2897,20230225,OCI3446,262,2G
2898,20230225,OCI3447,95,2G
2899,20230225,OCI3448,36,2G
2900,20230225,OCI3449,49,2G
2901,20230225,OCI3450,133,2G
2902,20230225,OCI3451,68,2G
2903,20230225,OCI3452,140,2G
2904,20230225,OCI3453,88,2G
2905,20230225,OCI3454,74,2G
2906,20230225,OCI3455,117,2G
2907,20230225,OCI3456,9,2G
2908,20230225,OCI3457,45,2G
2909,20230225,OCI3458,86,2G
2910,20230225,OCI3459,246,2G
2911,20230225,OCI3460,99,2G
2912,20230225,OCI3461,89,2G
2913,20230225,OCI3462,155,2G
2914,20230225,OCI3466,397,2G
2915,20230225,OCI3472,221,2G
2916,20230225,OCI3473,220,2G
2917,20230225,OCI3474,288,2G
2918,20230225,OCI3478,0,2G
2919,20230225,OCI3482,350,2G
2920,20230225,OCI3483,63,2G
2921,20230225,OCI3484,124,2G
2922,20230225,OCI3485,67,2G
2923,20230225,OCI3486,30,2G
2924,20230225,OCI3487,48,2G
2925,20230225,OCI3488,207,2G
2926,20230225,OCI3492,0,2G
2927,20230225,OCI3493,40,2G
2928,20230225,OCI3620,203,2G
2929,20230225,OCI3621,93,2G
2930,20230225,OCI3622,0,2G
2931,20230225,OCI3624,70,2G
2932,20230225,OCI3625,97,2G
2933,20230225,OCI3634,4,2G
2934,20230225,OCI3635,606,2G
2935,20230225,OCI3850,0,2G
2936,20230225,OCI3851,0,2G
